scenario,config,month,rev_sales_moto_retail,rev_sales_ebike_retail,rev_sales_rider,rev_b2b_wholesale,rev_parts,rev_rental,rev_battery_sub,rev_service,rev_total,cogs_total,gross_profit,opex_staff,opex_occupancy,opex_insurance,opex_security,opex_marketing,opex_fleet_variable,opex_payment_fees,opex_gna_permits,opex_van,opex_inventory_carry,opex_total,ebitda,depreciation,operating_profit,capex,working_capital_change,net_cash,cum_cash,units_moto,units_ebike,units_b2b,rider_customers,rentals_active,rental_fleet,battery_subs,battery_pool_packs,installed_base,inventory_value,fte
conservative,ceres_8000,1,2175.00,1150.00,3033.97,166.25,176.89,182.52,32.50,213.33,7130.47,5862.15,1268.32,20951.79,3832.90,3712.50,5300.00,15758.33,2105.64,341.27,1850,0.00,505.53,54357.97,-53089.65,6760.27,-59849.92,230446.24,64442.50,-347387.35,-347387.35,0.62,1.59,0.07,2.17,0.98,25.00,0.54,1.08,20,40442.50,3
conservative,ceres_8000,2,4350.00,2300.00,3261.93,332.50,264.17,365.04,65.00,284.36,11223.00,9083.83,2139.17,21033.61,11832.90,3712.50,5300.00,3803.83,2120.25,533.17,1850,0.00,505.53,50691.79,-48552.62,6790.36,-55342.99,1192.89,0.00,-49154.48,-396541.82,1.13,2.17,0.13,4.33,1.95,25.00,1.08,2.17,22.21,40442.50,3
conservative,ceres_8000,3,6525.00,3450.00,3489.88,498.75,351.45,547.56,97.50,364.11,15324.25,12310.30,3013.95,21115.44,11832.90,3712.50,5300.00,3849.33,2134.85,725.38,1850,0.00,505.53,51025.93,-48011.98,6820.46,-54832.44,1222.99,0.00,-48643.93,-445185.75,1.64,2.75,0.20,6.50,2.93,25.00,1.62,3.25,25.51,40442.50,3
conservative,ceres_8000,4,8700.00,4216.67,3717.84,665.00,425.40,730.08,130.00,452.59,19037.57,15227.54,3810.03,21184.76,11832.90,3712.50,5300.00,3894.83,2149.45,898.15,1850,0.00,505.53,51328.12,-47518.09,6850.55,-54368.64,1253.08,0.00,-48180.13,-493365.88,2.15,3.17,0.27,8.67,3.90,25.00,2.17,4.33,29.91,40442.50,3
conservative,ceres_8000,5,10875.00,4983.33,3945.79,831.25,499.35,912.60,162.50,548.46,22758.28,18148.84,4609.44,21254.09,11832.90,3712.50,5300.00,3940.33,2164.05,1071.18,1850,0.00,505.53,51630.58,-47021.14,6880.64,-53901.78,1283.17,0.00,-47713.27,-541079.15,2.66,3.58,0.33,10.83,4.88,25.00,2.71,5.42,35.22,40442.50,3
conservative,ceres_8000,6,13050.00,5750.00,4173.75,997.50,573.29,1095.12,195.00,651.73,26486.39,21074.21,5412.18,21323.41,11832.90,3712.50,5300.00,3985.83,2178.65,1244.47,1850,900,539.26,52867.03,-47454.85,8021.84,-55476.70,41313.27,2698.30,-90875.37,-631954.52,3.17,4.00,0.40,13.00,5.85,25.00,3.25,6.50,41.47,43140.80,3
conservative,ceres_8000,7,14500.00,6325.00,4401.70,1330.00,627.24,1277.64,227.50,755.72,29444.81,23405.50,6039.31,21373.99,11832.90,3712.50,5300.00,4031.33,2193.25,1371.17,1850,900,576.90,53142.04,-47102.73,8051.94,-55154.67,1343.36,3010.98,-50866.02,-682820.54,3.51,4.33,0.53,15.17,6.83,25.00,3.79,7.58,48.63,46151.77,3
conservative,ceres_8000,8,15950.00,6900.00,4629.66,1662.50,681.19,1460.16,260.00,865.11,32408.62,25739.75,6668.86,21424.56,11832.90,3712.50,5300.00,4076.83,2207.86,1498.06,1850,900,614.53,53417.24,-46748.38,8082.03,-54830.41,1373.45,3010.98,-50541.76,-733362.30,3.85,4.66,0.67,17.33,7.80,25.00,4.33,8.67,56.47,49162.75,3
conservative,ceres_8000,9,17400.00,7475.00,4857.61,1995.00,735.13,1642.68,292.50,979.90,35377.82,28076.98,7300.85,21475.14,11832.90,3712.50,5300.00,4122.33,2222.46,1625.14,1850,900,670.32,53710.78,-46409.94,8112.12,-54522.06,1403.54,4462.53,-51684.97,-785047.27,4.19,5.00,0.80,19.50,8.78,25.00,4.88,9.75,64.99,53625.28,3
conservative,ceres_8000,10,18850.00,8050.00,5085.57,2327.50,789.08,1825.20,325.00,1100.08,38352.43,30417.17,7935.26,21525.71,11832.90,3712.50,5300.00,4167.83,2237.06,1752.42,1850,900,726.25,54004.67,-46069.42,8142.21,-54211.63,1433.64,4474.71,-51386.72,-836433.99,4.54,5.33,0.93,21.67,9.75,25.00,5.42,10.83,74.18,58099.99,3
conservative,ceres_8000,11,20300.00,8625.00,5313.52,2660.00,843.03,2007.72,357.50,1225.65,41332.42,32760.33,8572.10,21576.29,11832.90,3712.50,5300.00,4213.33,2251.66,1879.89,1850,900,782.18,54298.75,-45726.66,8172.31,-53898.97,1463.73,4474.71,-51074.06,-887508.05,4.88,5.66,1.07,23.83,10.72,25.00,5.96,11.92,84.04,62574.71,3
conservative,ceres_8000,12,21750.00,9200.00,5541.48,2992.50,896.97,2190.24,390.00,1356.62,44317.81,35106.45,9211.36,21626.86,11832.90,3712.50,5300.00,4258.83,2266.26,2007.56,1850,900,838.12,54593.03,-45381.67,8202.40,-53584.07,1493.82,4474.71,-50759.16,-938267.21,5.22,5.99,1.20,26.00,11.70,25.00,6.50,13.00,94.58,67049.42,3
conservative,ceres_8000,13,22656.25,9391.67,5162.64,3241.88,908.21,2336.26,416.00,1469.65,45582.55,36068.77,9513.78,25374.19,12152.90,3712.50,5300.00,4152.67,2277.94,2054.44,1850,900,860.37,58635.01,-49121.23,8226.47,-57347.70,1409.56,1779.83,-51719.58,-989986.79,5.41,5.94,1.30,27.73,12.48,25.00,6.93,13.87,105.79,68829.25,3.50
conservative,ceres_8000,14,23562.50,9583.33,5345.00,3491.25,937.37,2482.27,442.00,1583.81,47427.53,37495.14,9932.39,25401.53,12152.90,3712.50,5300.00,4189.07,2289.62,2130.21,1850,900,893.93,58819.77,-48887.38,8250.55,-57137.93,1433.64,2685.20,-52415.17,-1042401.96,5.63,6.09,1.40,29.47,13.26,25.00,7.37,14.73,117.14,71514.45,3.50
conservative,ceres_8000,15,24468.75,9775.00,5527.37,3740.62,966.52,2628.29,468.00,1700.88,49275.43,38923.12,10352.31,25428.87,12152.90,3712.50,5300.00,4225.47,2301.31,2206.09,1850,900,927.50,59004.63,-48652.32,8274.62,-56926.94,1457.71,2685.20,-52204.19,-1094606.15,5.85,6.24,1.50,31.20,14.04,25.00,7.80,15.60,128.86,74199.65,3.50
conservative,ceres_8000,16,25375.00,9966.67,5709.73,3990.00,995.68,2774.30,494.00,1820.86,51126.24,40352.70,10773.54,25456.20,12152.90,3712.50,5300.00,4261.87,2312.99,2282.08,1850,900,961.06,59189.59,-48416.05,8298.70,-56714.75,1481.78,2685.20,-51992.00,-1146598.15,6.06,6.38,1.60,32.93,14.82,25.00,8.23,16.47,140.94,76884.86,3.50
conservative,ceres_8000,17,26281.25,10158.33,5892.09,4239.38,1024.84,2920.32,520.00,1943.76,52979.97,41783.89,11196.08,25483.53,12152.90,3712.50,5300.00,4298.27,2324.67,2358.17,1850,900,994.63,59374.66,-48178.58,8322.77,-56501.35,1505.86,2685.20,-51778.60,-1198376.75,6.28,6.53,1.70,34.67,15.60,25.00,8.67,17.33,153.39,79570.06,3.50
conservative,ceres_8000,18,27187.50,10350.00,6074.46,4488.75,1053.99,3066.34,546.00,2069.58,54836.62,43226.48,11610.14,25510.87,12152.90,3741.00,5300.00,4334.67,2419.99,2434.36,1850,900,1028.19,59671.98,-48061.84,8413.83,-56475.67,3444.91,2685.20,-53577.27,-1251954.02,6.49,6.68,1.80,36.40,16.38,26.00,9.10,18.20,166.20,82255.26,3.50
conservative,ceres_8000,19,28093.75,10541.67,6256.82,4738.12,1083.15,3212.35,572.00,2198.31,56696.18,44670.67,12025.51,25538.21,12152.90,3769.50,5300.00,4371.07,2515.31,2510.66,1850,900,1061.76,59969.40,-47943.89,8504.89,-56448.78,3492.63,2685.20,-53483.40,-1305437.41,6.71,6.83,1.90,38.13,17.16,27.00,9.53,19.07,179.37,84940.46,3.50
conservative,ceres_8000,20,29000.00,10733.33,6439.19,4987.50,1112.31,3358.37,598.00,2329.96,58558.66,46116.47,12442.19,25565.54,12152.90,3798.00,5300.00,4407.47,2610.64,2587.07,1850,900,1095.32,60266.93,-47824.74,8595.95,-56420.69,3540.34,2685.20,-53388.32,-1358825.73,6.92,6.98,2.00,39.87,17.94,28.00,9.97,19.93,192.91,87625.67,3.50
conservative,ceres_8000,21,29906.25,10925.00,6621.55,5236.88,1141.47,3504.38,624.00,2464.53,60424.05,47563.87,12860.18,25592.88,12152.90,3826.50,5300.00,4443.87,2705.96,2663.57,1850,900,1128.89,60564.56,-47704.38,8687.01,-56391.39,3588.06,2685.20,-53292.03,-1412117.76,7.14,7.13,2.10,41.60,18.72,29.00,10.40,20.80,206.82,90310.87,3.50
conservative,ceres_8000,22,30812.50,11116.67,6803.91,5486.25,1170.62,3650.40,650.00,2602.01,62292.36,49012.88,13279.49,25620.21,12152.90,3855.00,5300.00,4480.27,2801.28,2740.19,1850,900,1162.45,60862.30,-47582.81,8778.06,-56360.88,3635.77,2685.20,-53194.54,-1465312.30,7.35,7.28,2.20,43.33,19.50,30.00,10.83,21.67,221.08,92996.07,3.50
conservative,ceres_8000,23,31718.75,11308.33,6986.28,5735.63,1199.78,3796.42,676.00,2742.40,64163.59,50473.28,13690.30,25647.54,12152.90,3912.00,5300.00,4516.67,2980.25,2816.91,1850,900,1196.02,61272.28,-47581.98,8936.11,-56518.09,5598.47,2685.20,-55109.12,-1520421.42,7.57,7.43,2.30,45.07,20.28,32.00,11.27,22.53,235.72,95681.28,3.50
conservative,ceres_8000,24,32625.00,11500.00,7168.64,5985.00,1228.94,3942.43,702.00,2885.71,66037.73,51925.49,14112.23,25674.88,12152.90,3940.50,5300.00,4553.07,3075.57,2893.73,1850,900,1229.58,61570.23,-47458.00,9027.17,-56485.17,3754.85,2685.20,-53117.87,-1573539.29,7.79,7.58,2.40,46.80,21.06,33.00,11.70,23.40,250.71,98366.48,3.50
conservative,ceres_8000,25,33168.75,11691.67,7047.61,6151.25,1241.74,4070.20,724.75,3018.61,67114.57,52718.39,14396.18,25686.88,12485.70,3969.00,5300.00,4513.63,3169.43,2935.40,1850,900,1247.06,62057.11,-47660.93,9115.22,-56776.15,43936.31,1398.53,-92191.96,-1665731.25,7.91,7.62,2.47,48.32,21.74,34.00,12.08,24.16,266.08,99765.01,3.50
conservative,ceres_8000,26,33712.50,11883.33,7207.18,6317.50,1263.50,4197.96,747.50,3152.78,68482.26,53743.71,14738.54,25707.28,12485.70,3997.50,5300.00,4545.48,3263.30,2991.54,1850,900,1270.20,62311.01,-47572.47,9203.27,-56775.73,3790.09,1851.22,-52386.32,-1718117.57,8.04,7.76,2.53,49.83,22.43,35.00,12.46,24.92,281.60,101616.23,3.50
conservative,ceres_8000,27,34256.25,12075.00,7366.75,6483.75,1285.27,4325.72,770.25,3289.13,69852.12,54770.23,15081.89,25727.69,12485.70,4026.00,5300.00,4577.33,3357.16,3047.76,1850,900,1293.34,62564.99,-47483.10,9291.32,-56774.41,3834.80,1851.22,-52318.01,-1770435.58,8.17,7.90,2.60,51.35,23.11,36.00,12.84,25.68,297.39,103467.45,3.50
conservative,ceres_8000,28,34800.00,12266.67,7526.31,6650.00,1307.03,4453.49,793.00,3427.66,71224.16,55797.94,15426.21,25748.09,12485.70,4054.50,5300.00,4609.18,3451.02,3104.06,1850,900,1316.48,62819.04,-47392.83,9379.37,-56772.19,3879.51,1851.22,-52248.81,-1822684.39,8.30,8.04,2.67,52.87,23.79,37.00,13.22,26.43,313.46,105318.67,3.50
conservative,ceres_8000,29,35343.75,12458.33,7685.88,6816.25,1328.79,4581.25,815.75,3568.36,72598.37,56826.85,15771.52,25768.49,12485.70,4083.00,5300.00,4641.03,3544.89,3160.44,1850,900,1339.62,63073.17,-47301.65,9467.42,-56769.07,3924.21,1851.22,-52178.70,-1874863.10,8.43,8.18,2.73,54.38,24.47,38.00,13.60,27.19,329.80,107169.89,3.50
conservative,ceres_8000,30,35887.50,12650.00,7845.45,6982.50,1350.55,4709.02,838.50,3711.24,73974.76,57856.96,16117.80,25788.89,12485.70,4111.50,5300.00,4672.88,3638.75,3216.89,1850,900,1362.76,63327.38,-47209.58,9555.47,-56765.05,3968.92,1851.22,-52107.69,-1926970.79,8.56,8.32,2.80,55.90,25.16,39.00,13.97,27.95,346.41,109021.11,3.50
conservative,ceres_8000,31,36431.25,12841.67,8005.02,7148.75,1372.32,4836.78,861.25,3856.30,75353.33,58888.27,16465.06,25809.30,12485.70,4140.00,5300.00,4704.73,3732.61,3273.42,1850,900,1385.90,63581.67,-47116.61,9643.52,-56760.12,4013.63,1851.22,-52035.79,-1979006.58,8.69,8.46,2.87,57.42,25.84,40.00,14.35,28.71,363.29,110872.33,3.50
conservative,ceres_8000,32,36975.00,13033.33,8164.59,7315.00,1394.08,4964.54,884.00,4003.53,76734.07,59920.77,16813.30,25829.70,12485.70,4168.50,5300.00,4736.58,3826.47,3330.04,1850,900,1409.04,63836.04,-47022.73,9731.56,-56754.30,4058.33,1851.22,-51962.98,-2030969.55,8.83,8.60,2.93,58.93,26.52,41.00,14.73,29.47,380.44,112723.55,3.50
conservative,ceres_8000,33,37518.75,13225.00,8324.16,7481.25,1415.84,5092.31,906.75,4152.94,78116.99,60954.47,17162.52,25850.10,12485.70,4197.00,5300.00,4768.43,3920.34,3386.73,1850,900,1432.18,64090.48,-46927.96,9819.61,-56747.57,4103.04,1851.22,-51889.27,-2082858.82,8.96,8.74,3.00,60.45,27.20,42.00,15.11,30.23,397.87,114574.77,3.50
conservative,ceres_8000,34,38062.50,13416.67,8483.73,7647.50,1437.60,5220.07,929.50,4304.52,79502.09,61989.37,17512.72,25870.50,12485.70,4225.50,5300.00,4800.28,4014.20,3443.49,1850,900,1455.32,64345.00,-46832.28,9907.66,-56739.95,4147.75,1851.22,-51814.65,-2134673.47,9.09,8.88,3.07,61.97,27.89,43.00,15.49,30.98,415.56,116425.99,3.50
conservative,ceres_8000,35,38606.25,13608.33,8643.29,7813.75,1459.37,5347.84,952.25,4458.28,80889.36,63025.46,17863.90,25890.91,12485.70,4254.00,5300.00,4832.13,4108.06,3500.34,1850,900,1478.47,64599.61,-46735.71,9995.71,-56731.42,4192.45,1851.22,-51739.14,-2186412.62,9.22,9.02,3.13,63.48,28.57,44.00,15.87,31.74,433.54,118277.20,3.50
conservative,ceres_8000,36,39150.00,13800.00,8802.86,7980.00,1481.13,5475.60,975.00,4614.22,82278.81,64062.75,18216.06,25911.31,12485.70,4282.50,5300.00,4863.98,4201.93,3557.26,1850,900,1501.61,64854.29,-46638.23,10083.76,-56721.99,4237.16,1851.22,-51662.73,-2238075.34,9.35,9.16,3.20,65.00,29.25,45.00,16.25,32.50,451.78,120128.42,3.50
conservative,corridor_7500,1,2175.00,1150.00,3033.97,166.25,176.89,182.52,32.50,213.33,7130.47,5862.15,1268.32,20951.79,3190.00,3712.50,4240.00,15758.33,2105.64,341.27,1850,0.00,505.53,52655.07,-51386.75,6760.27,-58147.02,230446.24,62942.50,-344184.45,-344184.45,0.62,1.59,0.07,2.17,0.98,25.00,0.54,1.08,20,40442.50,3
conservative,corridor_7500,2,4350.00,2300.00,3261.93,332.50,264.17,365.04,65.00,284.36,11223.00,9083.83,2139.17,21033.61,10690.00,3712.50,4240.00,3803.83,2120.25,533.17,1850,0.00,505.53,48488.89,-46349.72,6790.36,-53140.09,1192.89,0.00,-46951.58,-391136.02,1.13,2.17,0.13,4.33,1.95,25.00,1.08,2.17,22.21,40442.50,3
conservative,corridor_7500,3,6525.00,3450.00,3489.88,498.75,351.45,547.56,97.50,364.11,15324.25,12310.30,3013.95,21115.44,10690.00,3712.50,4240.00,3849.33,2134.85,725.38,1850,0.00,505.53,48823.03,-45809.08,6820.46,-52629.54,1222.99,0.00,-46441.03,-437577.05,1.64,2.75,0.20,6.50,2.93,25.00,1.62,3.25,25.51,40442.50,3
conservative,corridor_7500,4,8700.00,4216.67,3717.84,665.00,425.40,730.08,130.00,452.59,19037.57,15227.54,3810.03,21184.76,10690.00,3712.50,4240.00,3894.83,2149.45,898.15,1850,0.00,505.53,49125.22,-45315.19,6850.55,-52165.74,1253.08,0.00,-45977.23,-483554.28,2.15,3.17,0.27,8.67,3.90,25.00,2.17,4.33,29.91,40442.50,3
conservative,corridor_7500,5,10875.00,4983.33,3945.79,831.25,499.35,912.60,162.50,548.46,22758.28,18148.84,4609.44,21254.09,10690.00,3712.50,4240.00,3940.33,2164.05,1071.18,1850,0.00,505.53,49427.68,-44818.24,6880.64,-51698.88,1283.17,0.00,-45510.37,-529064.65,2.66,3.58,0.33,10.83,4.88,25.00,2.71,5.42,35.22,40442.50,3
conservative,corridor_7500,6,13050.00,5750.00,4173.75,997.50,573.29,1095.12,195.00,651.73,26486.39,21074.21,5412.18,21323.41,10690.00,3712.50,4240.00,3985.83,2178.65,1244.47,1850,900,539.26,50664.13,-45251.95,8021.84,-53273.80,41313.27,2698.30,-88672.47,-617737.12,3.17,4.00,0.40,13.00,5.85,25.00,3.25,6.50,41.47,43140.80,3
conservative,corridor_7500,7,14500.00,6325.00,4401.70,1330.00,627.24,1277.64,227.50,755.72,29444.81,23405.50,6039.31,21373.99,10690.00,3712.50,4240.00,4031.33,2193.25,1371.17,1850,900,576.90,50939.14,-44899.83,8051.94,-52951.77,1343.36,3010.98,-48663.12,-666400.24,3.51,4.33,0.53,15.17,6.83,25.00,3.79,7.58,48.63,46151.77,3
conservative,corridor_7500,8,15950.00,6900.00,4629.66,1662.50,681.19,1460.16,260.00,865.11,32408.62,25739.75,6668.86,21424.56,10690.00,3712.50,4240.00,4076.83,2207.86,1498.06,1850,900,614.53,51214.34,-44545.48,8082.03,-52627.51,1373.45,3010.98,-48338.86,-714739.10,3.85,4.66,0.67,17.33,7.80,25.00,4.33,8.67,56.47,49162.75,3
conservative,corridor_7500,9,17400.00,7475.00,4857.61,1995.00,735.13,1642.68,292.50,979.90,35377.82,28076.98,7300.85,21475.14,10690.00,3712.50,4240.00,4122.33,2222.46,1625.14,1850,900,670.32,51507.88,-44207.04,8112.12,-52319.16,1403.54,4462.53,-49482.07,-764221.17,4.19,5.00,0.80,19.50,8.78,25.00,4.88,9.75,64.99,53625.28,3
conservative,corridor_7500,10,18850.00,8050.00,5085.57,2327.50,789.08,1825.20,325.00,1100.08,38352.43,30417.17,7935.26,21525.71,10690.00,3712.50,4240.00,4167.83,2237.06,1752.42,1850,900,726.25,51801.77,-43866.52,8142.21,-52008.73,1433.64,4474.71,-49183.82,-813404.99,4.54,5.33,0.93,21.67,9.75,25.00,5.42,10.83,74.18,58099.99,3
conservative,corridor_7500,11,20300.00,8625.00,5313.52,2660.00,843.03,2007.72,357.50,1225.65,41332.42,32760.33,8572.10,21576.29,10690.00,3712.50,4240.00,4213.33,2251.66,1879.89,1850,900,782.18,52095.85,-43523.76,8172.31,-51696.07,1463.73,4474.71,-48871.16,-862276.15,4.88,5.66,1.07,23.83,10.72,25.00,5.96,11.92,84.04,62574.71,3
conservative,corridor_7500,12,21750.00,9200.00,5541.48,2992.50,896.97,2190.24,390.00,1356.62,44317.81,35106.45,9211.36,21626.86,10690.00,3712.50,4240.00,4258.83,2266.26,2007.56,1850,900,838.12,52390.13,-43178.77,8202.40,-51381.17,1493.82,4474.71,-48556.26,-910832.41,5.22,5.99,1.20,26.00,11.70,25.00,6.50,13.00,94.58,67049.42,3
conservative,corridor_7500,13,22656.25,9391.67,5162.64,3241.88,908.21,2336.26,416.00,1469.65,45582.55,36068.77,9513.78,25374.19,10990.00,3712.50,4240.00,4152.67,2277.94,2054.44,1850,900,860.37,56412.11,-46898.33,8226.47,-55124.80,1409.56,1779.83,-49496.68,-960329.09,5.41,5.94,1.30,27.73,12.48,25.00,6.93,13.87,105.79,68829.25,3.50
conservative,corridor_7500,14,23562.50,9583.33,5345.00,3491.25,937.37,2482.27,442.00,1583.81,47427.53,37495.14,9932.39,25401.53,10990.00,3712.50,4240.00,4189.07,2289.62,2130.21,1850,900,893.93,56596.87,-46664.48,8250.55,-54915.03,1433.64,2685.20,-50192.27,-1010521.36,5.63,6.09,1.40,29.47,13.26,25.00,7.37,14.73,117.14,71514.45,3.50
conservative,corridor_7500,15,24468.75,9775.00,5527.37,3740.62,966.52,2628.29,468.00,1700.88,49275.43,38923.12,10352.31,25428.87,10990.00,3712.50,4240.00,4225.47,2301.31,2206.09,1850,900,927.50,56781.73,-46429.42,8274.62,-54704.04,1457.71,2685.20,-49981.29,-1060502.65,5.85,6.24,1.50,31.20,14.04,25.00,7.80,15.60,128.86,74199.65,3.50
conservative,corridor_7500,16,25375.00,9966.67,5709.73,3990.00,995.68,2774.30,494.00,1820.86,51126.24,40352.70,10773.54,25456.20,10990.00,3712.50,4240.00,4261.87,2312.99,2282.08,1850,900,961.06,56966.69,-46193.15,8298.70,-54491.85,1481.78,2685.20,-49769.10,-1110271.75,6.06,6.38,1.60,32.93,14.82,25.00,8.23,16.47,140.94,76884.86,3.50
conservative,corridor_7500,17,26281.25,10158.33,5892.09,4239.38,1024.84,2920.32,520.00,1943.76,52979.97,41783.89,11196.08,25483.53,10990.00,3712.50,4240.00,4298.27,2324.67,2358.17,1850,900,994.63,57151.76,-45955.68,8322.77,-54278.45,1505.86,2685.20,-49555.70,-1159827.45,6.28,6.53,1.70,34.67,15.60,25.00,8.67,17.33,153.39,79570.06,3.50
conservative,corridor_7500,18,27187.50,10350.00,6074.46,4488.75,1053.99,3066.34,546.00,2069.58,54836.62,43226.48,11610.14,25510.87,10990.00,3741.00,4240.00,4334.67,2419.99,2434.36,1850,900,1028.19,57449.08,-45838.94,8413.83,-54252.77,3444.91,2685.20,-51354.37,-1211181.82,6.49,6.68,1.80,36.40,16.38,26.00,9.10,18.20,166.20,82255.26,3.50
conservative,corridor_7500,19,28093.75,10541.67,6256.82,4738.12,1083.15,3212.35,572.00,2198.31,56696.18,44670.67,12025.51,25538.21,10990.00,3769.50,4240.00,4371.07,2515.31,2510.66,1850,900,1061.76,57746.50,-45720.99,8504.89,-54225.88,3492.63,2685.20,-51260.50,-1262442.31,6.71,6.83,1.90,38.13,17.16,27.00,9.53,19.07,179.37,84940.46,3.50
conservative,corridor_7500,20,29000.00,10733.33,6439.19,4987.50,1112.31,3358.37,598.00,2329.96,58558.66,46116.47,12442.19,25565.54,10990.00,3798.00,4240.00,4407.47,2610.64,2587.07,1850,900,1095.32,58044.03,-45601.84,8595.95,-54197.79,3540.34,2685.20,-51165.42,-1313607.73,6.92,6.98,2.00,39.87,17.94,28.00,9.97,19.93,192.91,87625.67,3.50
conservative,corridor_7500,21,29906.25,10925.00,6621.55,5236.88,1141.47,3504.38,624.00,2464.53,60424.05,47563.87,12860.18,25592.88,10990.00,3826.50,4240.00,4443.87,2705.96,2663.57,1850,900,1128.89,58341.66,-45481.48,8687.01,-54168.49,3588.06,2685.20,-51069.13,-1364676.86,7.14,7.13,2.10,41.60,18.72,29.00,10.40,20.80,206.82,90310.87,3.50
conservative,corridor_7500,22,30812.50,11116.67,6803.91,5486.25,1170.62,3650.40,650.00,2602.01,62292.36,49012.88,13279.49,25620.21,10990.00,3855.00,4240.00,4480.27,2801.28,2740.19,1850,900,1162.45,58639.40,-45359.91,8778.06,-54137.98,3635.77,2685.20,-50971.64,-1415648.50,7.35,7.28,2.20,43.33,19.50,30.00,10.83,21.67,221.08,92996.07,3.50
conservative,corridor_7500,23,31718.75,11308.33,6986.28,5735.63,1199.78,3796.42,676.00,2742.40,64163.59,50473.28,13690.30,25647.54,10990.00,3912.00,4240.00,4516.67,2980.25,2816.91,1850,900,1196.02,59049.38,-45359.08,8936.11,-54295.19,5598.47,2685.20,-52886.22,-1468534.72,7.57,7.43,2.30,45.07,20.28,32.00,11.27,22.53,235.72,95681.28,3.50
conservative,corridor_7500,24,32625.00,11500.00,7168.64,5985.00,1228.94,3942.43,702.00,2885.71,66037.73,51925.49,14112.23,25674.88,10990.00,3940.50,4240.00,4553.07,3075.57,2893.73,1850,900,1229.58,59347.33,-45235.10,9027.17,-54262.27,3754.85,2685.20,-50894.97,-1519429.69,7.79,7.58,2.40,46.80,21.06,33.00,11.70,23.40,250.71,98366.48,3.50
conservative,corridor_7500,25,33168.75,11691.67,7047.61,6151.25,1241.74,4070.20,724.75,3018.61,67114.57,52718.39,14396.18,25686.88,11302.00,3969.00,4240.00,4513.63,3169.43,2935.40,1850,900,1247.06,59813.41,-45417.23,9115.22,-54532.45,43936.31,1398.53,-89948.26,-1609377.95,7.91,7.62,2.47,48.32,21.74,34.00,12.08,24.16,266.08,99765.01,3.50
conservative,corridor_7500,26,33712.50,11883.33,7207.18,6317.50,1263.50,4197.96,747.50,3152.78,68482.26,53743.71,14738.54,25707.28,11302.00,3997.50,4240.00,4545.48,3263.30,2991.54,1850,900,1270.20,60067.31,-45328.77,9203.27,-54532.03,3790.09,1851.22,-50142.62,-1659520.57,8.04,7.76,2.53,49.83,22.43,35.00,12.46,24.92,281.60,101616.23,3.50
conservative,corridor_7500,27,34256.25,12075.00,7366.75,6483.75,1285.27,4325.72,770.25,3289.13,69852.12,54770.23,15081.89,25727.69,11302.00,4026.00,4240.00,4577.33,3357.16,3047.76,1850,900,1293.34,60321.29,-45239.40,9291.32,-54530.71,3834.80,1851.22,-50074.31,-1709594.88,8.17,7.90,2.60,51.35,23.11,36.00,12.84,25.68,297.39,103467.45,3.50
conservative,corridor_7500,28,34800.00,12266.67,7526.31,6650.00,1307.03,4453.49,793.00,3427.66,71224.16,55797.94,15426.21,25748.09,11302.00,4054.50,4240.00,4609.18,3451.02,3104.06,1850,900,1316.48,60575.34,-45149.13,9379.37,-54528.49,3879.51,1851.22,-50005.11,-1759599.99,8.30,8.04,2.67,52.87,23.79,37.00,13.22,26.43,313.46,105318.67,3.50
conservative,corridor_7500,29,35343.75,12458.33,7685.88,6816.25,1328.79,4581.25,815.75,3568.36,72598.37,56826.85,15771.52,25768.49,11302.00,4083.00,4240.00,4641.03,3544.89,3160.44,1850,900,1339.62,60829.47,-45057.95,9467.42,-54525.37,3924.21,1851.22,-49935.00,-1809535.00,8.43,8.18,2.73,54.38,24.47,38.00,13.60,27.19,329.80,107169.89,3.50
conservative,corridor_7500,30,35887.50,12650.00,7845.45,6982.50,1350.55,4709.02,838.50,3711.24,73974.76,57856.96,16117.80,25788.89,11302.00,4111.50,4240.00,4672.88,3638.75,3216.89,1850,900,1362.76,61083.68,-44965.88,9555.47,-54521.35,3968.92,1851.22,-49863.99,-1859398.99,8.56,8.32,2.80,55.90,25.16,39.00,13.97,27.95,346.41,109021.11,3.50
conservative,corridor_7500,31,36431.25,12841.67,8005.02,7148.75,1372.32,4836.78,861.25,3856.30,75353.33,58888.27,16465.06,25809.30,11302.00,4140.00,4240.00,4704.73,3732.61,3273.42,1850,900,1385.90,61337.97,-44872.91,9643.52,-54516.42,4013.63,1851.22,-49792.09,-1909191.08,8.69,8.46,2.87,57.42,25.84,40.00,14.35,28.71,363.29,110872.33,3.50
conservative,corridor_7500,32,36975.00,13033.33,8164.59,7315.00,1394.08,4964.54,884.00,4003.53,76734.07,59920.77,16813.30,25829.70,11302.00,4168.50,4240.00,4736.58,3826.47,3330.04,1850,900,1409.04,61592.34,-44779.03,9731.56,-54510.60,4058.33,1851.22,-49719.28,-1958910.35,8.83,8.60,2.93,58.93,26.52,41.00,14.73,29.47,380.44,112723.55,3.50
conservative,corridor_7500,33,37518.75,13225.00,8324.16,7481.25,1415.84,5092.31,906.75,4152.94,78116.99,60954.47,17162.52,25850.10,11302.00,4197.00,4240.00,4768.43,3920.34,3386.73,1850,900,1432.18,61846.78,-44684.26,9819.61,-54503.87,4103.04,1851.22,-49645.57,-2008555.92,8.96,8.74,3.00,60.45,27.20,42.00,15.11,30.23,397.87,114574.77,3.50
conservative,corridor_7500,34,38062.50,13416.67,8483.73,7647.50,1437.60,5220.07,929.50,4304.52,79502.09,61989.37,17512.72,25870.50,11302.00,4225.50,4240.00,4800.28,4014.20,3443.49,1850,900,1455.32,62101.30,-44588.58,9907.66,-54496.25,4147.75,1851.22,-49570.95,-2058126.87,9.09,8.88,3.07,61.97,27.89,43.00,15.49,30.98,415.56,116425.99,3.50
conservative,corridor_7500,35,38606.25,13608.33,8643.29,7813.75,1459.37,5347.84,952.25,4458.28,80889.36,63025.46,17863.90,25890.91,11302.00,4254.00,4240.00,4832.13,4108.06,3500.34,1850,900,1478.47,62355.91,-44492.01,9995.71,-54487.72,4192.45,1851.22,-49495.44,-2107622.32,9.22,9.02,3.13,63.48,28.57,44.00,15.87,31.74,433.54,118277.20,3.50
conservative,corridor_7500,36,39150.00,13800.00,8802.86,7980.00,1481.13,5475.60,975.00,4614.22,82278.81,64062.75,18216.06,25911.31,11302.00,4282.50,4240.00,4863.98,4201.93,3557.26,1850,900,1501.61,62610.59,-44394.53,10083.76,-54478.29,4237.16,1851.22,-49419.03,-2157041.34,9.35,9.16,3.20,65.00,29.25,45.00,16.25,32.50,451.78,120128.42,3.50
base,ceres_8000,1,4600.00,2500.00,6197.69,946.67,504.20,313.95,106.67,853.33,16022.51,10136.52,5885.99,17703.84,2166.45,2145.00,500.00,10666.67,810.00,606.13,1450,0.00,341.48,36389.56,-30503.57,2907.88,-33411.45,110642.63,50148.00,-191129.90,-191129.90,1.33,2.87,0.33,3.33,1.17,15.00,1.33,2.00,60,34148.00,3
base,ceres_8000,2,9200.00,5000.00,6540.18,1893.33,758.80,627.90,213.33,1037.09,25270.64,16016.35,9254.29,17809.93,10166.45,2145.00,500.00,2693.33,825.69,940.40,1450,0.00,341.48,36872.28,-27617.99,2941.22,-30559.20,1030.97,0.00,-28484.66,-219614.56,2.35,3.97,0.67,6.67,2.33,15.00,2.67,4.00,64.20,34148.00,3
base,ceres_8000,3,13800.00,7500.00,6882.67,2840.00,1013.40,941.85,320.00,1246.30,34544.23,21907.63,12636.59,17916.01,10166.45,2145.00,500.00,2720.00,841.39,1275.53,1450,0.00,341.48,37355.86,-24719.27,2974.55,-27693.82,1064.30,0.00,-25619.27,-245233.83,3.37,5.08,1.00,10.00,3.50,15.00,4.00,6.00,70.53,34148.00,3
base,ceres_8000,4,18400.00,9166.67,7225.17,3786.67,1228.00,1255.80,426.67,1480.97,42969.94,27271.71,15698.23,18005.43,10166.45,2145.00,500.00,2746.67,857.09,1575.89,1450,0.00,390.51,37837.03,-22138.80,3007.88,-25146.68,1097.63,4902.87,-27975.00,-273208.83,4.38,5.85,1.33,13.33,4.67,15.00,5.33,8.00,78.97,39050.87,3
base,ceres_8000,5,23000.00,10833.33,7567.66,4733.33,1442.60,1569.75,533.33,1737.11,51417.11,32645.44,18771.67,18094.84,10166.45,2145.00,500.00,2773.33,872.79,1876.98,1450,0.00,464.00,38343.39,-19571.72,3041.22,-22612.93,1130.97,7349.40,-27887.79,-301096.62,5.40,6.62,1.67,16.67,5.83,15.00,6.67,10.00,89.20,46400.27,3
base,ceres_8000,6,27600.00,12500.00,7910.15,5680.00,1657.20,1883.70,640.00,2014.70,59885.75,38028.83,21856.92,18184.26,10166.45,2145.00,500.00,2800.00,888.48,2178.79,1450,700,541.02,39554.01,-17697.09,3907.88,-21604.97,31164.30,7702.03,-56399.12,-357495.73,6.42,7.39,2.00,20.00,7.00,15.00,8.00,12.00,101.22,54102.30,3
base,ceres_8000,7,30666.67,13750.00,8252.64,7573.33,1811.80,2197.65,746.67,2297.09,67295.85,42863.38,24432.47,18248.68,10166.45,2145.00,500.00,2826.67,904.18,2398.81,1450,700,610.27,39950.06,-15517.60,3941.22,-19458.81,1197.63,6925.03,-23475.96,-380971.69,7.11,7.99,2.67,23.33,8.17,15.00,9.33,14.00,115.03,61027.32,3
base,ceres_8000,8,33733.33,15000.00,8595.13,9466.67,1966.40,2511.60,853.33,2594.93,74721.40,47704.88,27016.52,18313.09,10166.45,2145.00,500.00,2853.33,919.88,2619.36,1450,700,679.52,40346.64,-13330.13,3974.55,-17304.67,1230.97,6925.03,-21321.82,-402293.51,7.79,8.60,3.33,26.67,9.33,15.00,10.67,16.00,130.13,67952.35,3
base,ceres_8000,9,36800.00,16250.00,8937.62,11360.00,2121.00,2825.55,960.00,2908.24,82162.42,52553.35,29609.07,18377.51,10166.45,2145.00,500.00,2880.00,935.58,2840.43,1450,700,748.77,40743.75,-11134.68,4007.88,-15142.56,1264.30,6925.03,-19159.70,-421453.21,8.48,9.20,4.00,30.00,10.50,15.00,12.00,18.00,146.52,74877.37,3
base,ceres_8000,10,39866.67,17500.00,9280.12,13253.33,2275.60,3139.50,1066.67,3237.01,89618.89,57415.96,32202.93,18441.93,10166.45,2168.00,500.00,2906.67,1004.23,3062.03,1450,700,818.02,41217.33,-9014.40,4075.44,-13089.85,2951.59,6925.03,-18715.76,-440168.97,9.16,9.80,4.67,33.33,11.67,16.00,13.33,20.00,164.19,81802.40,3
base,ceres_8000,11,42933.33,18750.00,9622.61,15146.67,2430.20,3453.45,1173.33,3581.23,97090.82,62292.74,34798.09,18506.34,10166.45,2214.00,500.00,2933.33,1125.83,3284.16,1450,700,887.27,41767.39,-6969.31,4177.24,-11146.54,4649.83,6925.03,-18347.00,-458515.97,9.85,10.41,5.33,36.67,12.83,18.00,14.67,22.00,183.16,88727.42,3
base,ceres_8000,12,46000.00,20000.00,9965.10,17040.00,2584.80,3767.40,1280.00,3940.92,104578.22,67169.27,37408.95,18570.76,10166.45,2237.00,500.00,2960.00,1194.48,3506.81,1450,700,956.52,42242.03,-4833.08,4244.80,-9077.88,3051.11,6925.03,-14601.10,-473117.07,10.53,11.01,6.00,40.00,14.00,19.00,16.00,24.00,203.41,95652.45,3
base,ceres_8000,13,47916.67,20416.67,9068.05,18460.00,2616.56,4018.56,1365.33,4257.73,108119.57,69490.54,38629.03,21684.15,10406.45,2260.00,500.00,2853.33,1259.99,3588.70,1450,700,988.77,45691.40,-7062.37,4305.69,-11368.06,2928.73,3224.14,-12996.17,-486113.25,10.90,10.90,6.50,42.67,14.93,20.00,17.07,25.60,224.95,98876.59,3.50
base,ceres_8000,14,49833.33,20833.33,9342.05,19880.00,2698.24,4269.72,1450.67,4577.72,112885.06,72589.92,40295.15,21718.19,10406.45,2306.00,500.00,2874.67,1378.46,3720.52,1450,700,1032.14,46086.42,-5791.27,4400.82,-10192.09,4620.31,4337.17,-14507.78,-500621.02,11.33,11.15,7.00,45.33,15.87,22.00,18.13,27.20,246.75,103213.76,3.50
base,ceres_8000,15,51750.00,21250.00,9616.04,21300.00,2779.92,4520.88,1536.00,4905.88,117658.72,75685.77,41972.95,21752.22,10406.45,2329.00,500.00,2896.00,1443.97,3852.61,1450,700,1075.51,46405.76,-4432.81,4461.72,-8894.53,3014.93,4337.17,-11532.98,-512154.00,11.76,11.40,7.50,48.00,16.80,23.00,19.20,28.80,269.24,107550.93,3.50
base,ceres_8000,16,53666.67,21666.67,9890.03,22720.00,2861.60,4772.04,1621.33,5242.21,122440.55,78785.29,43655.25,21786.25,10406.45,2352.00,500.00,2917.33,1509.48,3984.99,1450,700,1118.88,46725.39,-3070.13,4522.61,-7592.74,3052.55,4337.17,-10196.97,-522350.97,12.19,11.65,8.00,50.67,17.73,24.00,20.27,30.40,292.41,111888.10,3.50
base,ceres_8000,17,55583.33,22083.33,10164.03,24140.00,2943.28,5023.20,1706.67,5586.70,127230.54,81888.49,45342.05,21820.29,10406.45,2375.00,500.00,2938.67,1574.99,4117.64,1450,700,1162.25,47045.29,-1703.24,4583.51,-6286.75,3090.17,4337.17,-8856.74,-531207.72,12.62,11.90,8.50,53.33,18.67,25.00,21.33,32.00,316.25,116225.27,3.50
base,ceres_8000,18,57500.00,22500.00,10438.02,25560.00,3024.96,5274.36,1792.00,5939.36,132028.70,85002.57,47026.13,21854.32,10406.45,2421.00,500.00,2960.00,1693.46,4250.57,1450,700,1205.62,47441.42,-415.29,4678.63,-5093.92,4781.74,4337.17,-9238.46,-540446.18,13.06,12.15,9.00,56.00,19.60,27.00,22.40,33.60,340.78,120562.44,3.50
base,ceres_8000,19,59416.67,22916.67,10712.01,26980.00,3106.64,5525.52,1877.33,6300.19,136835.03,88113.12,48721.91,21888.35,10406.45,2444.00,500.00,2981.33,1758.97,4383.77,1450,700,1249.00,47761.88,960.03,4739.53,-3779.50,3176.36,4337.17,-6246.80,-546692.98,13.49,12.40,9.50,58.67,20.53,28.00,23.47,35.20,365.99,124899.61,3.50
base,ceres_8000,20,61333.33,23333.33,10986.01,28400.00,3188.32,5776.68,1962.67,6669.19,141649.53,91227.35,50422.18,21922.39,10406.45,2467.00,500.00,3002.67,1824.48,4517.26,1450,700,1292.37,48082.61,2339.57,4800.42,-2460.86,3213.98,4337.17,-4893.94,-551586.92,13.92,12.65,10.00,61.33,21.47,29.00,24.53,36.80,391.88,129236.78,3.50
base,ceres_8000,21,63250.00,23750.00,11260.00,29820.00,3270.00,6027.84,2048.00,7046.35,146472.19,94345.25,52126.94,21956.42,10406.45,2490.00,500.00,3024.00,1889.99,4651.02,1450,700,1335.74,48403.62,3723.32,4861.32,-1138.00,3251.60,4337.17,-3536.85,-555123.77,14.35,12.90,10.50,64.00,22.40,30.00,25.60,38.40,418.45,133573.95,3.50
base,ceres_8000,22,65166.67,24166.67,11533.99,31240.00,3351.68,6279.00,2133.33,7431.69,151303.03,97474.03,53829.00,21990.45,10406.45,2536.00,500.00,3045.33,2008.46,4785.06,1450,700,1379.11,48800.87,5028.13,4956.44,71.69,4943.17,4337.17,-3901.71,-559025.47,14.78,13.15,11.00,66.67,23.33,32.00,26.67,40.00,445.70,137911.12,3.50
base,ceres_8000,23,67083.33,24583.33,11807.99,32660.00,3433.36,6530.16,2218.67,7825.19,156142.03,100599.28,55542.74,22024.49,10406.45,2559.00,500.00,3066.67,2073.97,4919.38,1450,700,1422.48,49122.43,6420.31,5017.34,1402.97,3337.79,4337.17,-893.19,-559918.67,15.21,13.40,11.50,69.33,24.27,33.00,27.73,41.60,473.63,142248.29,3.50
base,ceres_8000,24,69000.00,25000.00,12081.98,34080.00,3515.04,6781.32,2304.00,8226.86,160989.20,103728.21,57260.98,22058.52,10406.45,2582.00,500.00,3088.00,2139.48,5053.97,1450,700,1465.85,49444.28,7816.70,5078.24,2738.47,3375.41,4337.17,476.53,-559442.13,15.64,13.65,12.00,72.00,25.20,34.00,28.80,43.20,502.24,146585.46,3.50
base,ceres_8000,25,70150.00,25416.67,11736.20,35026.67,3550.30,7001.08,2378.67,8603.36,163862.95,105520.83,58342.11,22073.21,10653.65,2605.00,500.00,3042.67,2203.42,5127.87,1450,700,1489.74,49845.56,8496.55,5135.80,3360.76,3329.70,2388.85,3161.37,-556280.76,15.88,13.71,12.33,74.33,26.02,35.00,29.73,44.60,531.53,148974.31,3.50
base,ceres_8000,26,71300.00,25833.33,11975.95,35973.33,3610.52,7220.85,2453.33,8983.39,167350.71,107699.78,59650.93,22098.30,10653.65,2628.00,500.00,3061.33,2267.36,5226.79,1450,700,1519.20,50104.64,9546.29,5193.36,4352.93,3363.99,2945.37,3631.26,-552649.51,16.14,13.95,12.67,76.67,26.83,36.00,30.67,46.00,561.12,151919.68,3.50
base,ceres_8000,27,72450.00,26250.00,12215.69,36920.00,3670.74,7440.61,2528.00,9369.44,170844.49,109881.43,60963.06,22123.40,10653.65,2651.00,500.00,3080.00,2331.30,5325.92,1450,700,1548.65,50363.92,10599.14,5250.92,5348.21,3398.27,2945.37,4660.77,-547988.74,16.40,14.19,13.00,79.00,27.65,37.00,31.60,47.40,591.20,154865.05,3.50
base,ceres_8000,28,73600.00,26666.67,12455.44,37866.67,3730.96,7660.38,2602.67,9761.52,174344.29,112065.80,62278.49,22148.49,10653.65,2674.00,500.00,3098.67,2395.25,5425.25,1450,700,1578.10,50623.41,11655.09,5308.49,6346.60,3432.56,2945.37,5693.39,-542295.35,16.66,14.43,13.33,81.33,28.47,38.00,32.53,48.80,621.79,157810.42,3.50
base,ceres_8000,29,74750.00,27083.33,12695.18,38813.33,3791.18,7880.14,2677.33,10159.61,177850.12,114260.07,63590.04,22173.58,10653.65,2720.00,500.00,3117.33,2512.14,5524.79,1450,700,1607.56,50959.05,12630.99,5400.28,7230.71,5120.80,2945.37,5002.96,-537292.40,16.93,14.67,13.67,83.67,29.28,40.00,33.47,50.20,652.88,160755.78,3.50
base,ceres_8000,30,75900.00,27500.00,12934.92,39760.00,3851.40,8099.91,2752.00,10563.73,181361.96,116449.86,64912.11,22198.67,10653.65,2743.00,500.00,3136.00,2576.08,5624.53,1450,700,1637.01,51218.95,13693.16,5457.84,8235.32,3512.09,2945.37,7684.79,-529607.60,17.19,14.91,14.00,86.00,30.10,41.00,34.40,51.60,684.48,163701.15,3.50
base,ceres_8000,31,77050.00,27916.67,13174.67,40706.67,3911.62,8319.67,2826.67,10973.87,184879.83,118642.35,66237.48,22223.76,10653.65,2766.00,500.00,3154.67,2640.02,5724.48,1450,700,1666.47,51479.05,14758.43,5515.40,9243.03,3546.37,2945.37,8726.73,-520880.87,17.45,15.14,14.33,88.33,30.92,42.00,35.33,53.00,716.57,166646.52,3.50
base,ceres_8000,32,78200.00,28333.33,13414.41,41653.33,3971.84,8539.44,2901.33,11390.03,188403.73,120837.56,67566.17,22248.85,10653.65,2789.00,500.00,3173.33,2703.97,5824.63,1450,700,1695.92,51739.35,15826.81,5572.97,10253.85,3580.66,2945.37,9771.78,-511109.09,17.71,15.38,14.67,90.67,31.73,43.00,36.27,54.40,749.17,169591.89,3.50
base,ceres_8000,33,79350.00,28750.00,13654.16,42600.00,4032.06,8759.20,2976.00,11812.22,191933.64,123035.47,68898.17,22273.95,10653.65,2812.00,500.00,3192.00,2767.91,5924.99,1450,700,1725.37,51999.86,16898.30,5630.53,11267.77,3614.95,2945.37,10819.93,-500289.16,17.98,15.62,15.00,93.00,32.55,44.00,37.20,55.80,782.27,172537.26,3.50
base,ceres_8000,34,80500.00,29166.67,13893.90,43546.67,4092.28,8978.97,3050.67,12240.42,195469.57,125236.10,70233.48,22299.04,10653.65,2835.00,500.00,3210.67,2831.85,6025.55,1450,700,1754.83,52260.58,17972.90,5688.09,12284.81,3649.23,2945.37,11871.20,-488417.96,18.24,15.86,15.33,95.33,33.37,45.00,38.13,57.20,815.87,175482.62,3.50
base,ceres_8000,35,81650.00,29583.33,14133.65,44493.33,4152.50,9198.73,3125.33,12674.65,199011.53,127439.43,71572.10,22324.13,10653.65,2858.00,500.00,3229.33,2895.79,6126.32,1450,700,1784.28,52521.50,19050.60,5745.65,13304.95,3683.52,2945.37,12925.57,-475492.39,18.50,16.10,15.67,97.67,34.18,46.00,39.07,58.60,849.97,178427.99,3.50
base,ceres_8000,36,82800.00,30000.00,14373.39,45440.00,4212.72,9418.50,3200.00,13114.90,202559.51,129645.47,72914.04,22349.22,10653.65,2881.00,500.00,3248.00,2959.73,6227.29,1450,700,1813.73,52782.62,20131.41,5803.22,14328.20,3717.81,2945.37,13983.04,-461509.35,18.77,16.34,16.00,100.00,35.00,47.00,40.00,60.00,884.57,181373.36,3.50
base,corridor_7500,1,4600.00,2500.00,6197.69,946.67,504.20,313.95,106.67,853.33,16022.51,10136.52,5885.99,17703.84,1845.00,2145.00,400.00,10666.67,810.00,606.13,1450,0.00,341.48,35968.11,-30082.12,2907.88,-32990.00,110642.63,49148.00,-189708.45,-189708.45,1.33,2.87,0.33,3.33,1.17,15.00,1.33,2.00,60,34148.00,3
base,corridor_7500,2,9200.00,5000.00,6540.18,1893.33,758.80,627.90,213.33,1037.09,25270.64,16016.35,9254.29,17809.93,9345.00,2145.00,400.00,2693.33,825.69,940.40,1450,0.00,341.48,35950.83,-26696.54,2941.22,-29637.75,1030.97,0.00,-27563.21,-217271.66,2.35,3.97,0.67,6.67,2.33,15.00,2.67,4.00,64.20,34148.00,3
base,corridor_7500,3,13800.00,7500.00,6882.67,2840.00,1013.40,941.85,320.00,1246.30,34544.23,21907.63,12636.59,17916.01,9345.00,2145.00,400.00,2720.00,841.39,1275.53,1450,0.00,341.48,36434.41,-23797.82,2974.55,-26772.37,1064.30,0.00,-24697.82,-241969.48,3.37,5.08,1.00,10.00,3.50,15.00,4.00,6.00,70.53,34148.00,3
base,corridor_7500,4,18400.00,9166.67,7225.17,3786.67,1228.00,1255.80,426.67,1480.97,42969.94,27271.71,15698.23,18005.43,9345.00,2145.00,400.00,2746.67,857.09,1575.89,1450,0.00,390.51,36915.58,-21217.35,3007.88,-24225.23,1097.63,4902.87,-27053.55,-269023.03,4.38,5.85,1.33,13.33,4.67,15.00,5.33,8.00,78.97,39050.87,3
base,corridor_7500,5,23000.00,10833.33,7567.66,4733.33,1442.60,1569.75,533.33,1737.11,51417.11,32645.44,18771.67,18094.84,9345.00,2145.00,400.00,2773.33,872.79,1876.98,1450,0.00,464.00,37421.94,-18650.27,3041.22,-21691.48,1130.97,7349.40,-26966.34,-295989.37,5.40,6.62,1.67,16.67,5.83,15.00,6.67,10.00,89.20,46400.27,3
base,corridor_7500,6,27600.00,12500.00,7910.15,5680.00,1657.20,1883.70,640.00,2014.70,59885.75,38028.83,21856.92,18184.26,9345.00,2145.00,400.00,2800.00,888.48,2178.79,1450,700,541.02,38632.56,-16775.64,3907.88,-20683.52,31164.30,7702.03,-55477.67,-351467.03,6.42,7.39,2.00,20.00,7.00,15.00,8.00,12.00,101.22,54102.30,3
base,corridor_7500,7,30666.67,13750.00,8252.64,7573.33,1811.80,2197.65,746.67,2297.09,67295.85,42863.38,24432.47,18248.68,9345.00,2145.00,400.00,2826.67,904.18,2398.81,1450,700,610.27,39028.61,-14596.15,3941.22,-18537.36,1197.63,6925.03,-22554.51,-374021.54,7.11,7.99,2.67,23.33,8.17,15.00,9.33,14.00,115.03,61027.32,3
base,corridor_7500,8,33733.33,15000.00,8595.13,9466.67,1966.40,2511.60,853.33,2594.93,74721.40,47704.88,27016.52,18313.09,9345.00,2145.00,400.00,2853.33,919.88,2619.36,1450,700,679.52,39425.19,-12408.68,3974.55,-16383.22,1230.97,6925.03,-20400.37,-394421.91,7.79,8.60,3.33,26.67,9.33,15.00,10.67,16.00,130.13,67952.35,3
base,corridor_7500,9,36800.00,16250.00,8937.62,11360.00,2121.00,2825.55,960.00,2908.24,82162.42,52553.35,29609.07,18377.51,9345.00,2145.00,400.00,2880.00,935.58,2840.43,1450,700,748.77,39822.30,-10213.23,4007.88,-14221.11,1264.30,6925.03,-18238.25,-412660.16,8.48,9.20,4.00,30.00,10.50,15.00,12.00,18.00,146.52,74877.37,3
base,corridor_7500,10,39866.67,17500.00,9280.12,13253.33,2275.60,3139.50,1066.67,3237.01,89618.89,57415.96,32202.93,18441.93,9345.00,2168.00,400.00,2906.67,1004.23,3062.03,1450,700,818.02,40295.88,-8092.95,4075.44,-12168.40,2951.59,6925.03,-17794.31,-430454.47,9.16,9.80,4.67,33.33,11.67,16.00,13.33,20.00,164.19,81802.40,3
base,corridor_7500,11,42933.33,18750.00,9622.61,15146.67,2430.20,3453.45,1173.33,3581.23,97090.82,62292.74,34798.09,18506.34,9345.00,2214.00,400.00,2933.33,1125.83,3284.16,1450,700,887.27,40845.94,-6047.86,4177.24,-10225.09,4649.83,6925.03,-17425.55,-447880.02,9.85,10.41,5.33,36.67,12.83,18.00,14.67,22.00,183.16,88727.42,3
base,corridor_7500,12,46000.00,20000.00,9965.10,17040.00,2584.80,3767.40,1280.00,3940.92,104578.22,67169.27,37408.95,18570.76,9345.00,2237.00,400.00,2960.00,1194.48,3506.81,1450,700,956.52,41320.58,-3911.63,4244.80,-8156.43,3051.11,6925.03,-13679.65,-461559.67,10.53,11.01,6.00,40.00,14.00,19.00,16.00,24.00,203.41,95652.45,3
base,corridor_7500,13,47916.67,20416.67,9068.05,18460.00,2616.56,4018.56,1365.33,4257.73,108119.57,69490.54,38629.03,21684.15,9570.00,2260.00,400.00,2853.33,1259.99,3588.70,1450,700,988.77,44754.95,-6125.92,4305.69,-10431.61,2928.73,3224.14,-12059.72,-473619.40,10.90,10.90,6.50,42.67,14.93,20.00,17.07,25.60,224.95,98876.59,3.50
base,corridor_7500,14,49833.33,20833.33,9342.05,19880.00,2698.24,4269.72,1450.67,4577.72,112885.06,72589.92,40295.15,21718.19,9570.00,2306.00,400.00,2874.67,1378.46,3720.52,1450,700,1032.14,45149.97,-4854.82,4400.82,-9255.64,4620.31,4337.17,-13571.33,-487190.72,11.33,11.15,7.00,45.33,15.87,22.00,18.13,27.20,246.75,103213.76,3.50
base,corridor_7500,15,51750.00,21250.00,9616.04,21300.00,2779.92,4520.88,1536.00,4905.88,117658.72,75685.77,41972.95,21752.22,9570.00,2329.00,400.00,2896.00,1443.97,3852.61,1450,700,1075.51,45469.31,-3496.36,4461.72,-7958.08,3014.93,4337.17,-10596.53,-497787.25,11.76,11.40,7.50,48.00,16.80,23.00,19.20,28.80,269.24,107550.93,3.50
base,corridor_7500,16,53666.67,21666.67,9890.03,22720.00,2861.60,4772.04,1621.33,5242.21,122440.55,78785.29,43655.25,21786.25,9570.00,2352.00,400.00,2917.33,1509.48,3984.99,1450,700,1118.88,45788.94,-2133.68,4522.61,-6656.29,3052.55,4337.17,-9260.52,-507047.77,12.19,11.65,8.00,50.67,17.73,24.00,20.27,30.40,292.41,111888.10,3.50
base,corridor_7500,17,55583.33,22083.33,10164.03,24140.00,2943.28,5023.20,1706.67,5586.70,127230.54,81888.49,45342.05,21820.29,9570.00,2375.00,400.00,2938.67,1574.99,4117.64,1450,700,1162.25,46108.84,-766.79,4583.51,-5350.30,3090.17,4337.17,-7920.29,-514968.07,12.62,11.90,8.50,53.33,18.67,25.00,21.33,32.00,316.25,116225.27,3.50
base,corridor_7500,18,57500.00,22500.00,10438.02,25560.00,3024.96,5274.36,1792.00,5939.36,132028.70,85002.57,47026.13,21854.32,9570.00,2421.00,400.00,2960.00,1693.46,4250.57,1450,700,1205.62,46504.97,521.16,4678.63,-4157.47,4781.74,4337.17,-8302.01,-523270.08,13.06,12.15,9.00,56.00,19.60,27.00,22.40,33.60,340.78,120562.44,3.50
base,corridor_7500,19,59416.67,22916.67,10712.01,26980.00,3106.64,5525.52,1877.33,6300.19,136835.03,88113.12,48721.91,21888.35,9570.00,2444.00,400.00,2981.33,1758.97,4383.77,1450,700,1249.00,46825.43,1896.48,4739.53,-2843.05,3176.36,4337.17,-5310.35,-528580.43,13.49,12.40,9.50,58.67,20.53,28.00,23.47,35.20,365.99,124899.61,3.50
base,corridor_7500,20,61333.33,23333.33,10986.01,28400.00,3188.32,5776.68,1962.67,6669.19,141649.53,91227.35,50422.18,21922.39,9570.00,2467.00,400.00,3002.67,1824.48,4517.26,1450,700,1292.37,47146.16,3276.02,4800.42,-1524.41,3213.98,4337.17,-3957.49,-532537.92,13.92,12.65,10.00,61.33,21.47,29.00,24.53,36.80,391.88,129236.78,3.50
base,corridor_7500,21,63250.00,23750.00,11260.00,29820.00,3270.00,6027.84,2048.00,7046.35,146472.19,94345.25,52126.94,21956.42,9570.00,2490.00,400.00,3024.00,1889.99,4651.02,1450,700,1335.74,47467.17,4659.77,4861.32,-201.55,3251.60,4337.17,-2600.40,-535138.32,14.35,12.90,10.50,64.00,22.40,30.00,25.60,38.40,418.45,133573.95,3.50
base,corridor_7500,22,65166.67,24166.67,11533.99,31240.00,3351.68,6279.00,2133.33,7431.69,151303.03,97474.03,53829.00,21990.45,9570.00,2536.00,400.00,3045.33,2008.46,4785.06,1450,700,1379.11,47864.42,5964.58,4956.44,1008.14,4943.17,4337.17,-2965.26,-538103.57,14.78,13.15,11.00,66.67,23.33,32.00,26.67,40.00,445.70,137911.12,3.50
base,corridor_7500,23,67083.33,24583.33,11807.99,32660.00,3433.36,6530.16,2218.67,7825.19,156142.03,100599.28,55542.74,22024.49,9570.00,2559.00,400.00,3066.67,2073.97,4919.38,1450,700,1422.48,48185.98,7356.76,5017.34,2339.42,3337.79,4337.17,43.26,-538060.32,15.21,13.40,11.50,69.33,24.27,33.00,27.73,41.60,473.63,142248.29,3.50
base,corridor_7500,24,69000.00,25000.00,12081.98,34080.00,3515.04,6781.32,2304.00,8226.86,160989.20,103728.21,57260.98,22058.52,9570.00,2582.00,400.00,3088.00,2139.48,5053.97,1450,700,1465.85,48507.83,8753.15,5078.24,3674.92,3375.41,4337.17,1412.98,-536647.33,15.64,13.65,12.00,72.00,25.20,34.00,28.80,43.20,502.24,146585.46,3.50
base,corridor_7500,25,70150.00,25416.67,11736.20,35026.67,3550.30,7001.08,2378.67,8603.36,163862.95,105520.83,58342.11,22073.21,9801.75,2605.00,400.00,3042.67,2203.42,5127.87,1450,700,1489.74,48893.66,9448.45,5135.80,4312.66,3329.70,2388.85,4113.27,-532534.06,15.88,13.71,12.33,74.33,26.02,35.00,29.73,44.60,531.53,148974.31,3.50
base,corridor_7500,26,71300.00,25833.33,11975.95,35973.33,3610.52,7220.85,2453.33,8983.39,167350.71,107699.78,59650.93,22098.30,9801.75,2628.00,400.00,3061.33,2267.36,5226.79,1450,700,1519.20,49152.74,10498.19,5193.36,5304.83,3363.99,2945.37,4583.16,-527950.91,16.14,13.95,12.67,76.67,26.83,36.00,30.67,46.00,561.12,151919.68,3.50
base,corridor_7500,27,72450.00,26250.00,12215.69,36920.00,3670.74,7440.61,2528.00,9369.44,170844.49,109881.43,60963.06,22123.40,9801.75,2651.00,400.00,3080.00,2331.30,5325.92,1450,700,1548.65,49412.02,11551.04,5250.92,6300.11,3398.27,2945.37,5612.67,-522338.24,16.40,14.19,13.00,79.00,27.65,37.00,31.60,47.40,591.20,154865.05,3.50
base,corridor_7500,28,73600.00,26666.67,12455.44,37866.67,3730.96,7660.38,2602.67,9761.52,174344.29,112065.80,62278.49,22148.49,9801.75,2674.00,400.00,3098.67,2395.25,5425.25,1450,700,1578.10,49671.51,12606.99,5308.49,7298.50,3432.56,2945.37,6645.29,-515692.95,16.66,14.43,13.33,81.33,28.47,38.00,32.53,48.80,621.79,157810.42,3.50
base,corridor_7500,29,74750.00,27083.33,12695.18,38813.33,3791.18,7880.14,2677.33,10159.61,177850.12,114260.07,63590.04,22173.58,9801.75,2720.00,400.00,3117.33,2512.14,5524.79,1450,700,1607.56,50007.15,13582.89,5400.28,8182.61,5120.80,2945.37,5954.86,-509738.10,16.93,14.67,13.67,83.67,29.28,40.00,33.47,50.20,652.88,160755.78,3.50
base,corridor_7500,30,75900.00,27500.00,12934.92,39760.00,3851.40,8099.91,2752.00,10563.73,181361.96,116449.86,64912.11,22198.67,9801.75,2743.00,400.00,3136.00,2576.08,5624.53,1450,700,1637.01,50267.05,14645.06,5457.84,9187.22,3512.09,2945.37,8636.69,-501101.40,17.19,14.91,14.00,86.00,30.10,41.00,34.40,51.60,684.48,163701.15,3.50
base,corridor_7500,31,77050.00,27916.67,13174.67,40706.67,3911.62,8319.67,2826.67,10973.87,184879.83,118642.35,66237.48,22223.76,9801.75,2766.00,400.00,3154.67,2640.02,5724.48,1450,700,1666.47,50527.15,15710.33,5515.40,10194.93,3546.37,2945.37,9678.63,-491422.77,17.45,15.14,14.33,88.33,30.92,42.00,35.33,53.00,716.57,166646.52,3.50
base,corridor_7500,32,78200.00,28333.33,13414.41,41653.33,3971.84,8539.44,2901.33,11390.03,188403.73,120837.56,67566.17,22248.85,9801.75,2789.00,400.00,3173.33,2703.97,5824.63,1450,700,1695.92,50787.45,16778.71,5572.97,11205.75,3580.66,2945.37,10723.68,-480699.09,17.71,15.38,14.67,90.67,31.73,43.00,36.27,54.40,749.17,169591.89,3.50
base,corridor_7500,33,79350.00,28750.00,13654.16,42600.00,4032.06,8759.20,2976.00,11812.22,191933.64,123035.47,68898.17,22273.95,9801.75,2812.00,400.00,3192.00,2767.91,5924.99,1450,700,1725.37,51047.96,17850.20,5630.53,12219.67,3614.95,2945.37,11771.83,-468927.26,17.98,15.62,15.00,93.00,32.55,44.00,37.20,55.80,782.27,172537.26,3.50
base,corridor_7500,34,80500.00,29166.67,13893.90,43546.67,4092.28,8978.97,3050.67,12240.42,195469.57,125236.10,70233.48,22299.04,9801.75,2835.00,400.00,3210.67,2831.85,6025.55,1450,700,1754.83,51308.68,18924.80,5688.09,13236.71,3649.23,2945.37,12823.10,-456104.16,18.24,15.86,15.33,95.33,33.37,45.00,38.13,57.20,815.87,175482.62,3.50
base,corridor_7500,35,81650.00,29583.33,14133.65,44493.33,4152.50,9198.73,3125.33,12674.65,199011.53,127439.43,71572.10,22324.13,9801.75,2858.00,400.00,3229.33,2895.79,6126.32,1450,700,1784.28,51569.60,20002.50,5745.65,14256.85,3683.52,2945.37,13877.47,-442226.69,18.50,16.10,15.67,97.67,34.18,46.00,39.07,58.60,849.97,178427.99,3.50
base,corridor_7500,36,82800.00,30000.00,14373.39,45440.00,4212.72,9418.50,3200.00,13114.90,202559.51,129645.47,72914.04,22349.22,9801.75,2881.00,400.00,3248.00,2959.73,6227.29,1450,700,1813.73,51830.72,21083.31,5803.22,15280.10,3717.81,2945.37,14934.94,-427291.75,18.77,16.34,16.00,100.00,35.00,47.00,40.00,60.00,884.57,181373.36,3.50
aggressive,ceres_8000,1,7600.00,4320.00,15312.92,2533.00,1434.00,782.17,366.67,2940.00,35288.75,16221.82,19066.93,15383.59,700.00,1362.00,350.00,7166.67,355.12,1085.80,1200,0.00,221.29,27824.47,-8757.54,1430.56,-10188.10,57985.62,34555.00,-101256.50,-101256.50,2.79,5.18,0.80,6.67,2.00,10.00,3.67,4.40,150,26555.00,3
aggressive,ceres_8000,2,15200.00,8640.00,16083.92,5066.00,2053.20,1564.33,733.33,3323.40,52664.18,24352.92,28311.26,15555.59,8700.00,1362.00,350.00,2186.67,378.59,1577.05,1200,0.00,221.29,31531.18,-3219.92,1469.67,-4689.59,1527.88,0.00,-4706.14,-105962.64,4.45,6.96,1.60,13.33,4.00,10.00,7.33,8.80,157.97,26555.00,3
aggressive,ceres_8000,3,22800.00,12960.00,16854.92,7599.00,2672.40,2346.50,1100.00,3768.72,70101.54,32505.69,37595.85,15727.59,8700.00,1362.00,350.00,2206.67,402.05,2070.28,1200,0.00,248.78,32267.37,5328.48,1508.78,3819.69,1566.99,3298.84,504.30,-105458.34,6.11,8.73,2.40,20.00,6.00,10.00,11.00,13.20,169.37,29853.84,3
aggressive,ceres_8000,4,30400.00,15840.00,17625.92,10132.00,3195.60,3128.67,1466.67,4275.96,86064.81,40020.67,46044.14,15872.93,8700.00,1362.00,350.00,2226.67,425.52,2514.18,1200,0.00,307.07,32958.36,13085.79,1547.89,11537.89,1606.10,6994.28,4527.06,-100931.28,7.77,9.98,3.20,26.67,8.00,10.00,14.67,17.60,184.22,36848.12,3
aggressive,ceres_8000,5,38000.00,18720.00,18396.92,12665.00,3718.80,3910.83,1833.33,4835.52,102080.40,47563.96,54516.45,16018.26,8700.00,1394.40,350.00,2246.67,515.31,2959.76,1200,0.00,365.97,33750.37,20766.08,1620.85,19145.22,4152.91,7068.80,9594.35,-91336.93,9.43,11.23,4.00,33.33,10.00,12.00,18.33,22.00,201.97,43916.93,3
aggressive,ceres_8000,6,45600.00,21600.00,19167.92,15198.00,4242.00,4693.00,2200.00,5447.40,118148.32,55130.56,63017.76,16163.59,8700.00,1443.00,350.00,2266.67,638.27,3407.01,1200,550,424.88,35143.42,27874.33,2266.29,25608.05,25454.21,7068.80,-4586.19,-95923.12,11.09,12.47,4.80,40.00,12.00,15.00,22.00,26.40,222.63,50985.73,3
aggressive,ceres_8000,7,50666.67,23760.00,19938.92,20264.00,4621.20,5475.17,2566.67,6081.60,133374.22,62445.51,70928.71,16268.93,8700.00,1475.40,350.00,2286.67,728.07,3741.60,1200,550,482.27,35782.93,35145.78,2339.24,32806.53,4251.96,6886.34,24078.29,-71844.83,12.22,13.46,6.40,46.67,14.00,17.00,25.67,30.80,246.20,57872.07,3
aggressive,ceres_8000,8,55733.33,25920.00,20709.92,25330.00,5000.40,6257.33,2933.33,6753.72,148638.04,69773.72,78864.31,16374.26,8700.00,1507.80,350.00,2306.67,817.87,4077.41,1200,550,539.65,36423.66,42440.65,2412.20,40028.45,4299.41,6886.34,31334.06,-40510.77,13.35,14.44,8.00,53.33,16.00,19.00,29.33,35.20,271.87,64758.40,3
aggressive,ceres_8000,9,60800.00,28080.00,21480.92,30396.00,5379.60,7039.50,3300.00,7463.76,163939.78,77120.22,86819.56,16479.59,8700.00,1556.40,350.00,2326.67,940.83,4414.43,1200,550,597.04,37114.96,49704.60,2502.08,47202.52,5600.70,6886.34,37309.21,-3201.56,14.47,15.41,9.60,60.00,18.00,22.00,33.00,39.60,299.65,71644.74,3
aggressive,ceres_8000,10,65866.67,30240.00,22251.92,35462.00,5758.80,7821.67,3666.67,8211.72,179279.44,84474.98,94804.46,16584.93,8700.00,1588.80,350.00,2346.67,1030.62,4752.67,1200,550,654.43,37758.11,57046.35,2575.04,54471.31,4398.46,6886.34,45861.53,42659.97,15.60,16.40,11.20,66.67,20.00,24.00,36.67,44.00,329.54,78531.08,3
aggressive,ceres_8000,11,70933.33,32400.00,23022.92,40528.00,6138.00,8603.83,4033.33,8997.60,194657.02,91843.01,102814.00,16690.26,8700.00,1621.20,350.00,2366.67,1120.42,5092.12,1200,550,711.81,38402.47,64411.53,2647.99,61763.54,4445.90,6886.34,53187.60,95847.57,16.73,17.37,12.80,73.33,22.00,26.00,40.33,48.40,361.53,85417.41,3
aggressive,ceres_8000,12,76000.00,34560.00,23793.92,45594.00,6517.20,9386.00,4400.00,9821.40,210072.52,99229.32,110843.20,16795.59,8700.00,1669.80,350.00,2386.67,1243.38,5432.78,1200,550,769.20,39097.42,71745.78,2737.87,69007.91,5747.19,6886.34,59233.05,155080.62,17.85,18.36,14.40,80.00,24.00,29.00,44.00,52.80,395.63,92303.75,3
aggressive,ceres_8000,13,79166.67,35280.00,21502.33,49393.50,6556.80,10011.73,4693.33,10578.12,217182.49,102647.02,114535.47,19444.84,8940.00,1702.20,350.00,2273.33,1328.49,5539.27,1200,550,795.18,42123.31,72412.16,2803.01,69609.16,4255.53,3117.41,65168.36,220248.98,18.34,18.09,15.60,85.33,25.60,31.00,46.93,56.32,431.84,95421.16,3.50
aggressive,ceres_8000,14,82333.33,36000.00,22119.13,53193.00,6759.36,10637.47,4986.67,11338.80,227367.76,107490.28,119877.48,19501.11,8940.00,1718.40,350.00,2289.33,1380.42,5748.43,1200,550,832.39,42510.09,77367.39,2851.22,74516.17,3041.30,4465.12,69994.28,290243.26,19.05,18.50,16.80,90.67,27.20,32.00,49.87,59.84,468.27,99886.28,3.50
aggressive,ceres_8000,15,85500.00,36720.00,22735.93,56992.50,6961.92,11263.20,5280.00,12119.74,237573.29,112345.64,125227.65,19557.38,8940.00,1750.80,350.00,2305.33,1465.53,5958.25,1200,550,869.59,42946.88,82280.77,2916.35,79364.42,4330.60,4465.12,73626.69,363869.94,19.77,18.91,18.00,96.00,28.80,34.00,52.80,63.36,505.82,104351.40,3.50
aggressive,ceres_8000,16,88666.67,37440.00,23352.73,60792.00,7164.48,11888.93,5573.33,12920.93,247799.07,117208.08,130590.99,19613.64,8940.00,1783.20,350.00,2321.33,1550.63,6168.71,1200,550,906.80,43384.32,87206.67,2981.49,84225.18,4370.22,4465.12,78521.30,442391.24,20.48,19.32,19.20,101.33,30.40,36.00,55.73,66.88,544.50,108816.51,3.50
aggressive,ceres_8000,17,91833.33,38160.00,23969.53,64591.50,7367.04,12514.67,5866.67,13742.38,258045.12,122077.62,135967.50,19669.91,8940.00,1815.60,350.00,2337.33,1635.73,6379.82,1200,550,944.01,43822.41,92145.09,3046.62,89098.47,4409.84,4465.12,83428.43,525819.67,21.20,19.73,20.40,106.67,32.00,38.00,58.67,70.40,584.30,113281.63,3.50
aggressive,ceres_8000,18,95000.00,38880.00,24586.33,68391.00,7569.60,13140.40,6160.00,14584.08,268311.41,126954.24,141357.17,19726.18,8940.00,1848.00,350.00,2353.33,1720.84,6591.57,1200,550,981.22,44261.14,97096.03,3111.76,93984.27,4449.46,4465.12,88348.07,614167.74,21.91,20.14,21.60,112.00,33.60,40.00,61.60,73.92,625.23,117746.74,3.50
aggressive,ceres_8000,19,98166.67,39600.00,25203.13,72190.50,7772.16,13766.13,6453.33,15446.04,278597.97,131837.96,146760.01,19782.44,8940.00,1880.40,350.00,2369.33,1805.94,6803.98,1200,550,1018.43,44700.53,102059.48,3176.89,98882.59,4489.08,4465.12,93280.24,707447.98,22.63,20.55,22.80,117.33,35.20,42.00,64.53,77.44,667.28,122211.86,3.50
aggressive,ceres_8000,20,101333.33,40320.00,25819.93,75990.00,7974.72,14391.87,6746.67,16328.26,288904.78,136728.76,152176.02,19838.71,8940.00,1912.80,350.00,2385.33,1891.04,7017.03,1200,550,1055.64,45140.56,107035.45,3242.03,103793.43,4528.70,4465.12,98224.92,805672.91,23.34,20.96,24.00,122.67,36.80,44.00,67.47,80.96,710.46,126676.98,3.50
aggressive,ceres_8000,21,104500.00,41040.00,26436.73,79789.50,8177.28,15017.60,7040.00,17230.73,299231.84,141626.65,157605.19,19894.98,8940.00,1945.20,350.00,2401.33,1976.15,7230.74,1200,550,1092.85,45581.24,112023.94,3307.16,108716.78,4568.32,4465.12,103182.12,908855.03,24.06,21.37,25.20,128.00,38.40,46.00,70.40,84.48,754.76,131142.09,3.50
aggressive,ceres_8000,22,107666.67,41760.00,27053.53,83589.00,8379.84,15643.33,7333.33,18153.46,309579.16,146531.64,163047.53,19951.24,8940.00,1977.60,350.00,2417.33,2061.25,7445.09,1200,550,1130.06,46022.57,117024.95,3372.30,113652.66,4607.94,4465.12,108151.84,1017006.87,24.77,21.78,26.40,133.33,40.00,48.00,73.33,88.00,800.19,135607.21,3.50
aggressive,ceres_8000,23,110833.33,42480.00,27670.33,87388.50,8582.40,16269.07,7626.67,19096.44,319946.74,151438.71,168508.03,20007.51,8940.00,1993.80,350.00,2433.33,2113.19,7660.08,1200,550,1167.27,46415.18,122092.85,3420.51,118672.34,3393.71,4465.12,114438.13,1131445.01,25.49,22.19,27.60,138.67,41.60,49.00,76.27,91.52,846.75,140072.32,3.50
aggressive,ceres_8000,24,114000.00,43200.00,28287.13,91188.00,8784.96,16894.80,7920.00,20059.68,330334.57,156357.87,173976.70,20063.78,8940.00,2026.20,350.00,2449.33,2198.29,7875.73,1200,550,1204.48,46857.81,127118.89,3485.64,123633.25,4683.02,4465.12,118183.21,1249628.21,26.20,22.60,28.80,144.00,43.20,51.00,79.20,95.04,894.43,144537.44,3.50
aggressive,ceres_8000,25,115900.00,43920.00,27372.64,93721.00,8853.72,17442.32,8176.67,20983.18,336369.52,159082.97,177286.55,20082.88,9187.20,2058.60,350.00,2398.67,2281.05,7988.78,1200,550,1224.08,47321.26,129965.29,3546.86,126418.42,4577.93,2352.57,123255.57,1372883.78,26.53,22.66,29.60,148.67,44.60,53.00,81.77,98.12,943.23,146890.01,3.50
aggressive,ceres_8000,26,117800.00,44640.00,27912.34,96254.00,9003.96,17989.83,8433.33,21913.55,343947.02,162525.07,181421.94,20124.61,9187.20,2091.00,350.00,2412.67,2363.80,8153.33,1200,550,1249.30,47681.91,133740.03,3608.09,130131.94,4613.63,3026.42,126329.08,1499212.86,26.97,23.05,30.40,153.33,46.00,55.00,84.33,101.20,992.42,149916.43,3.50
aggressive,ceres_8000,27,119700.00,45360.00,28452.04,98787.00,9154.20,18537.35,8690.00,22858.94,351539.54,165967.43,185572.10,20166.34,9187.20,2107.20,350.00,2426.67,2413.40,8318.36,1200,550,1274.52,47993.69,137578.42,3652.39,133926.03,3395.49,3026.42,131389.77,1630602.64,27.41,23.44,31.20,158.00,47.40,56.00,86.90,104.28,1042.44,152942.86,3.50
aggressive,ceres_8000,28,121600.00,46080.00,28991.74,101320.00,9304.44,19084.87,8946.67,23819.36,359147.08,169420.05,189727.03,20208.08,9187.20,2139.60,350.00,2440.67,2496.15,8483.87,1200,550,1299.74,48355.30,141371.72,3713.61,137658.11,4680.89,3026.42,133906.02,1764508.66,27.86,23.84,32.00,162.67,48.80,58.00,89.47,107.36,1093.30,155969.28,3.50
aggressive,ceres_8000,29,123500.00,46800.00,29531.44,103853.00,9454.68,19632.38,9203.33,24794.81,366769.65,172877.93,193891.72,20249.81,9187.20,2172.00,350.00,2454.67,2578.91,8649.85,1200,550,1324.96,48717.40,145174.32,3774.84,141399.48,4716.60,3026.42,137681.24,1902189.89,28.30,24.23,32.80,167.33,50.20,60.00,92.03,110.44,1144.99,158995.70,3.50
aggressive,ceres_8000,30,125400.00,47520.00,30071.14,106386.00,9604.92,20179.90,9460.00,25785.28,374407.24,176336.06,198071.18,20291.54,9187.20,2188.20,350.00,2468.67,2628.50,8816.32,1200,550,1350.18,49030.62,149040.56,3819.14,145221.42,3498.45,3026.42,142769.79,2044959.68,28.74,24.62,33.60,172.00,51.60,61.00,94.60,113.52,1197.52,162022.12,3.50
aggressive,ceres_8000,31,127300.00,48240.00,30610.84,108919.00,9755.16,20727.42,9716.67,26790.77,382059.85,179804.45,202255.40,20333.28,9187.20,2220.60,350.00,2482.67,2711.26,8983.27,1200,550,1375.40,49393.68,152861.72,3880.36,148981.36,4783.85,3026.42,145313.89,2190273.56,29.18,25.01,34.40,176.67,53.00,63.00,97.17,116.60,1250.88,165048.54,3.50
aggressive,ceres_8000,32,129200.00,48960.00,31150.54,111452.00,9905.40,21274.93,9973.33,27811.28,389727.49,183273.10,206454.39,20375.01,9187.20,2236.80,350.00,2496.67,2760.85,9150.70,1200,550,1400.62,49707.85,156746.53,3924.66,152821.87,3565.71,3026.42,150421.01,2340694.57,29.62,25.41,35.20,181.33,54.40,64.00,99.73,119.68,1305.07,168074.97,3.50
aggressive,ceres_8000,33,131100.00,49680.00,31690.24,113985.00,10055.64,21822.45,10230.00,28846.82,397410.16,186752.01,210658.14,20416.74,9187.20,2269.20,350.00,2510.67,2843.60,9318.62,1200,550,1425.84,50071.87,160586.27,3985.88,156600.38,4851.10,3026.42,152983.67,2493678.24,30.07,25.80,36.00,186.00,55.80,66.00,102.30,122.76,1360.10,171101.39,3.50
aggressive,ceres_8000,34,133000.00,50400.00,32229.94,116518.00,10205.88,22369.97,10486.67,29897.39,405107.84,190236.18,214871.66,20458.48,9187.20,2301.60,350.00,2524.67,2926.36,9487.01,1200,550,1451.07,50436.38,164435.28,4047.11,160388.18,4886.81,3026.42,156805.31,2650483.56,30.51,26.19,36.80,190.67,57.20,68.00,104.87,125.84,1415.97,174127.81,3.50
aggressive,ceres_8000,35,134900.00,51120.00,32769.64,119051.00,10356.12,22917.48,10743.33,30962.98,412820.55,193720.61,219099.95,20500.21,9187.20,2317.80,350.00,2538.67,2975.95,9655.88,1200,550,1476.29,50752.00,168347.95,4091.41,164256.54,3668.67,3026.42,161940.29,2812423.84,30.95,26.58,37.60,195.33,58.60,69.00,107.43,128.92,1472.67,177154.23,3.50
aggressive,ceres_8000,36,136800.00,51840.00,33309.34,121584.00,10506.36,23465.00,11000.00,32043.59,420548.29,197215.29,223333.00,20541.94,9187.20,2350.20,350.00,2552.67,3058.71,9825.24,1200,550,1501.51,51117.46,172215.54,4152.63,168062.91,4954.06,3026.42,164530.81,2976954.66,31.39,26.98,38.40,200.00,60.00,71.00,110.00,132.00,1530.20,180180.66,3.50
aggressive,corridor_7500,1,7600.00,4320.00,15312.92,2533.00,1434.00,782.17,366.67,2940.00,35288.75,16221.82,19066.93,15383.59,700.00,1362.00,280.00,7166.67,355.12,1085.80,1200,0.00,221.29,27754.47,-8687.54,1430.56,-10118.10,57985.62,34055.00,-100686.50,-100686.50,2.79,5.18,0.80,6.67,2.00,10.00,3.67,4.40,150,26555.00,3
aggressive,corridor_7500,2,15200.00,8640.00,16083.92,5066.00,2053.20,1564.33,733.33,3323.40,52664.18,24352.92,28311.26,15555.59,8200.00,1362.00,280.00,2186.67,378.59,1577.05,1200,0.00,221.29,30961.18,-2649.92,1469.67,-4119.59,1527.88,0.00,-4136.14,-104822.64,4.45,6.96,1.60,13.33,4.00,10.00,7.33,8.80,157.97,26555.00,3
aggressive,corridor_7500,3,22800.00,12960.00,16854.92,7599.00,2672.40,2346.50,1100.00,3768.72,70101.54,32505.69,37595.85,15727.59,8200.00,1362.00,280.00,2206.67,402.05,2070.28,1200,0.00,248.78,31697.37,5898.48,1508.78,4389.69,1566.99,3298.84,1074.30,-103748.34,6.11,8.73,2.40,20.00,6.00,10.00,11.00,13.20,169.37,29853.84,3
aggressive,corridor_7500,4,30400.00,15840.00,17625.92,10132.00,3195.60,3128.67,1466.67,4275.96,86064.81,40020.67,46044.14,15872.93,8200.00,1362.00,280.00,2226.67,425.52,2514.18,1200,0.00,307.07,32388.36,13655.79,1547.89,12107.89,1606.10,6994.28,5097.06,-98651.28,7.77,9.98,3.20,26.67,8.00,10.00,14.67,17.60,184.22,36848.12,3
aggressive,corridor_7500,5,38000.00,18720.00,18396.92,12665.00,3718.80,3910.83,1833.33,4835.52,102080.40,47563.96,54516.45,16018.26,8200.00,1394.40,280.00,2246.67,515.31,2959.76,1200,0.00,365.97,33180.37,21336.08,1620.85,19715.22,4152.91,7068.80,10164.35,-88486.93,9.43,11.23,4.00,33.33,10.00,12.00,18.33,22.00,201.97,43916.93,3
aggressive,corridor_7500,6,45600.00,21600.00,19167.92,15198.00,4242.00,4693.00,2200.00,5447.40,118148.32,55130.56,63017.76,16163.59,8200.00,1443.00,280.00,2266.67,638.27,3407.01,1200,550,424.88,34573.42,28444.33,2266.29,26178.05,25454.21,7068.80,-4016.19,-92503.12,11.09,12.47,4.80,40.00,12.00,15.00,22.00,26.40,222.63,50985.73,3
aggressive,corridor_7500,7,50666.67,23760.00,19938.92,20264.00,4621.20,5475.17,2566.67,6081.60,133374.22,62445.51,70928.71,16268.93,8200.00,1475.40,280.00,2286.67,728.07,3741.60,1200,550,482.27,35212.93,35715.78,2339.24,33376.53,4251.96,6886.34,24648.29,-67854.83,12.22,13.46,6.40,46.67,14.00,17.00,25.67,30.80,246.20,57872.07,3
aggressive,corridor_7500,8,55733.33,25920.00,20709.92,25330.00,5000.40,6257.33,2933.33,6753.72,148638.04,69773.72,78864.31,16374.26,8200.00,1507.80,280.00,2306.67,817.87,4077.41,1200,550,539.65,35853.66,43010.65,2412.20,40598.45,4299.41,6886.34,31904.06,-35950.77,13.35,14.44,8.00,53.33,16.00,19.00,29.33,35.20,271.87,64758.40,3
aggressive,corridor_7500,9,60800.00,28080.00,21480.92,30396.00,5379.60,7039.50,3300.00,7463.76,163939.78,77120.22,86819.56,16479.59,8200.00,1556.40,280.00,2326.67,940.83,4414.43,1200,550,597.04,36544.96,50274.60,2502.08,47772.52,5600.70,6886.34,37879.21,1928.44,14.47,15.41,9.60,60.00,18.00,22.00,33.00,39.60,299.65,71644.74,3
aggressive,corridor_7500,10,65866.67,30240.00,22251.92,35462.00,5758.80,7821.67,3666.67,8211.72,179279.44,84474.98,94804.46,16584.93,8200.00,1588.80,280.00,2346.67,1030.62,4752.67,1200,550,654.43,37188.11,57616.35,2575.04,55041.31,4398.46,6886.34,46431.53,48359.97,15.60,16.40,11.20,66.67,20.00,24.00,36.67,44.00,329.54,78531.08,3
aggressive,corridor_7500,11,70933.33,32400.00,23022.92,40528.00,6138.00,8603.83,4033.33,8997.60,194657.02,91843.01,102814.00,16690.26,8200.00,1621.20,280.00,2366.67,1120.42,5092.12,1200,550,711.81,37832.47,64981.53,2647.99,62333.54,4445.90,6886.34,53757.60,102117.57,16.73,17.37,12.80,73.33,22.00,26.00,40.33,48.40,361.53,85417.41,3
aggressive,corridor_7500,12,76000.00,34560.00,23793.92,45594.00,6517.20,9386.00,4400.00,9821.40,210072.52,99229.32,110843.20,16795.59,8200.00,1669.80,280.00,2386.67,1243.38,5432.78,1200,550,769.20,38527.42,72315.78,2737.87,69577.91,5747.19,6886.34,59803.05,161920.62,17.85,18.36,14.40,80.00,24.00,29.00,44.00,52.80,395.63,92303.75,3
aggressive,corridor_7500,13,79166.67,35280.00,21502.33,49393.50,6556.80,10011.73,4693.33,10578.12,217182.49,102647.02,114535.47,19444.84,8425.00,1702.20,280.00,2273.33,1328.49,5539.27,1200,550,795.18,41538.31,72997.16,2803.01,70194.16,4255.53,3117.41,65753.36,227673.98,18.34,18.09,15.60,85.33,25.60,31.00,46.93,56.32,431.84,95421.16,3.50
aggressive,corridor_7500,14,82333.33,36000.00,22119.13,53193.00,6759.36,10637.47,4986.67,11338.80,227367.76,107490.28,119877.48,19501.11,8425.00,1718.40,280.00,2289.33,1380.42,5748.43,1200,550,832.39,41925.09,77952.39,2851.22,75101.17,3041.30,4465.12,70579.28,298253.26,19.05,18.50,16.80,90.67,27.20,32.00,49.87,59.84,468.27,99886.28,3.50
aggressive,corridor_7500,15,85500.00,36720.00,22735.93,56992.50,6961.92,11263.20,5280.00,12119.74,237573.29,112345.64,125227.65,19557.38,8425.00,1750.80,280.00,2305.33,1465.53,5958.25,1200,550,869.59,42361.88,82865.77,2916.35,79949.42,4330.60,4465.12,74211.69,372464.94,19.77,18.91,18.00,96.00,28.80,34.00,52.80,63.36,505.82,104351.40,3.50
aggressive,corridor_7500,16,88666.67,37440.00,23352.73,60792.00,7164.48,11888.93,5573.33,12920.93,247799.07,117208.08,130590.99,19613.64,8425.00,1783.20,280.00,2321.33,1550.63,6168.71,1200,550,906.80,42799.32,87791.67,2981.49,84810.18,4370.22,4465.12,79106.30,451571.24,20.48,19.32,19.20,101.33,30.40,36.00,55.73,66.88,544.50,108816.51,3.50
aggressive,corridor_7500,17,91833.33,38160.00,23969.53,64591.50,7367.04,12514.67,5866.67,13742.38,258045.12,122077.62,135967.50,19669.91,8425.00,1815.60,280.00,2337.33,1635.73,6379.82,1200,550,944.01,43237.41,92730.09,3046.62,89683.47,4409.84,4465.12,84013.43,535584.67,21.20,19.73,20.40,106.67,32.00,38.00,58.67,70.40,584.30,113281.63,3.50
aggressive,corridor_7500,18,95000.00,38880.00,24586.33,68391.00,7569.60,13140.40,6160.00,14584.08,268311.41,126954.24,141357.17,19726.18,8425.00,1848.00,280.00,2353.33,1720.84,6591.57,1200,550,981.22,43676.14,97681.03,3111.76,94569.27,4449.46,4465.12,88933.07,624517.74,21.91,20.14,21.60,112.00,33.60,40.00,61.60,73.92,625.23,117746.74,3.50
aggressive,corridor_7500,19,98166.67,39600.00,25203.13,72190.50,7772.16,13766.13,6453.33,15446.04,278597.97,131837.96,146760.01,19782.44,8425.00,1880.40,280.00,2369.33,1805.94,6803.98,1200,550,1018.43,44115.53,102644.48,3176.89,99467.59,4489.08,4465.12,93865.24,718382.98,22.63,20.55,22.80,117.33,35.20,42.00,64.53,77.44,667.28,122211.86,3.50
aggressive,corridor_7500,20,101333.33,40320.00,25819.93,75990.00,7974.72,14391.87,6746.67,16328.26,288904.78,136728.76,152176.02,19838.71,8425.00,1912.80,280.00,2385.33,1891.04,7017.03,1200,550,1055.64,44555.56,107620.45,3242.03,104378.43,4528.70,4465.12,98809.92,817192.91,23.34,20.96,24.00,122.67,36.80,44.00,67.47,80.96,710.46,126676.98,3.50
aggressive,corridor_7500,21,104500.00,41040.00,26436.73,79789.50,8177.28,15017.60,7040.00,17230.73,299231.84,141626.65,157605.19,19894.98,8425.00,1945.20,280.00,2401.33,1976.15,7230.74,1200,550,1092.85,44996.24,112608.94,3307.16,109301.78,4568.32,4465.12,103767.12,920960.03,24.06,21.37,25.20,128.00,38.40,46.00,70.40,84.48,754.76,131142.09,3.50
aggressive,corridor_7500,22,107666.67,41760.00,27053.53,83589.00,8379.84,15643.33,7333.33,18153.46,309579.16,146531.64,163047.53,19951.24,8425.00,1977.60,280.00,2417.33,2061.25,7445.09,1200,550,1130.06,45437.57,117609.95,3372.30,114237.66,4607.94,4465.12,108736.84,1029696.87,24.77,21.78,26.40,133.33,40.00,48.00,73.33,88.00,800.19,135607.21,3.50
aggressive,corridor_7500,23,110833.33,42480.00,27670.33,87388.50,8582.40,16269.07,7626.67,19096.44,319946.74,151438.71,168508.03,20007.51,8425.00,1993.80,280.00,2433.33,2113.19,7660.08,1200,550,1167.27,45830.18,122677.85,3420.51,119257.34,3393.71,4465.12,115023.13,1144720.01,25.49,22.19,27.60,138.67,41.60,49.00,76.27,91.52,846.75,140072.32,3.50
aggressive,corridor_7500,24,114000.00,43200.00,28287.13,91188.00,8784.96,16894.80,7920.00,20059.68,330334.57,156357.87,173976.70,20063.78,8425.00,2026.20,280.00,2449.33,2198.29,7875.73,1200,550,1204.48,46272.81,127703.89,3485.64,124218.25,4683.02,4465.12,118768.21,1263488.21,26.20,22.60,28.80,144.00,43.20,51.00,79.20,95.04,894.43,144537.44,3.50
aggressive,corridor_7500,25,115900.00,43920.00,27372.64,93721.00,8853.72,17442.32,8176.67,20983.18,336369.52,159082.97,177286.55,20082.88,8656.75,2058.60,280.00,2398.67,2281.05,7988.78,1200,550,1224.08,46720.81,130565.74,3546.86,127018.87,4577.93,2352.57,123856.02,1387344.23,26.53,22.66,29.60,148.67,44.60,53.00,81.77,98.12,943.23,146890.01,3.50
aggressive,corridor_7500,26,117800.00,44640.00,27912.34,96254.00,9003.96,17989.83,8433.33,21913.55,343947.02,162525.07,181421.94,20124.61,8656.75,2091.00,280.00,2412.67,2363.80,8153.33,1200,550,1249.30,47081.46,134340.48,3608.09,130732.39,4613.63,3026.42,126929.53,1514273.76,26.97,23.05,30.40,153.33,46.00,55.00,84.33,101.20,992.42,149916.43,3.50
aggressive,corridor_7500,27,119700.00,45360.00,28452.04,98787.00,9154.20,18537.35,8690.00,22858.94,351539.54,165967.43,185572.10,20166.34,8656.75,2107.20,280.00,2426.67,2413.40,8318.36,1200,550,1274.52,47393.24,138178.87,3652.39,134526.48,3395.49,3026.42,131990.22,1646263.99,27.41,23.44,31.20,158.00,47.40,56.00,86.90,104.28,1042.44,152942.86,3.50
aggressive,corridor_7500,28,121600.00,46080.00,28991.74,101320.00,9304.44,19084.87,8946.67,23819.36,359147.08,169420.05,189727.03,20208.08,8656.75,2139.60,280.00,2440.67,2496.15,8483.87,1200,550,1299.74,47754.85,141972.17,3713.61,138258.56,4680.89,3026.42,134506.47,1780770.46,27.86,23.84,32.00,162.67,48.80,58.00,89.47,107.36,1093.30,155969.28,3.50
aggressive,corridor_7500,29,123500.00,46800.00,29531.44,103853.00,9454.68,19632.38,9203.33,24794.81,366769.65,172877.93,193891.72,20249.81,8656.75,2172.00,280.00,2454.67,2578.91,8649.85,1200,550,1324.96,48116.95,145774.77,3774.84,141999.93,4716.60,3026.42,138281.69,1919052.14,28.30,24.23,32.80,167.33,50.20,60.00,92.03,110.44,1144.99,158995.70,3.50
aggressive,corridor_7500,30,125400.00,47520.00,30071.14,106386.00,9604.92,20179.90,9460.00,25785.28,374407.24,176336.06,198071.18,20291.54,8656.75,2188.20,280.00,2468.67,2628.50,8816.32,1200,550,1350.18,48430.17,149641.01,3819.14,145821.87,3498.45,3026.42,143370.24,2062422.38,28.74,24.62,33.60,172.00,51.60,61.00,94.60,113.52,1197.52,162022.12,3.50
aggressive,corridor_7500,31,127300.00,48240.00,30610.84,108919.00,9755.16,20727.42,9716.67,26790.77,382059.85,179804.45,202255.40,20333.28,8656.75,2220.60,280.00,2482.67,2711.26,8983.27,1200,550,1375.40,48793.23,153462.17,3880.36,149581.81,4783.85,3026.42,145914.34,2208336.71,29.18,25.01,34.40,176.67,53.00,63.00,97.17,116.60,1250.88,165048.54,3.50
aggressive,corridor_7500,32,129200.00,48960.00,31150.54,111452.00,9905.40,21274.93,9973.33,27811.28,389727.49,183273.10,206454.39,20375.01,8656.75,2236.80,280.00,2496.67,2760.85,9150.70,1200,550,1400.62,49107.40,157346.98,3924.66,153422.32,3565.71,3026.42,151021.46,2359358.17,29.62,25.41,35.20,181.33,54.40,64.00,99.73,119.68,1305.07,168074.97,3.50
aggressive,corridor_7500,33,131100.00,49680.00,31690.24,113985.00,10055.64,21822.45,10230.00,28846.82,397410.16,186752.01,210658.14,20416.74,8656.75,2269.20,280.00,2510.67,2843.60,9318.62,1200,550,1425.84,49471.42,161186.72,3985.88,157200.83,4851.10,3026.42,153584.12,2512942.29,30.07,25.80,36.00,186.00,55.80,66.00,102.30,122.76,1360.10,171101.39,3.50
aggressive,corridor_7500,34,133000.00,50400.00,32229.94,116518.00,10205.88,22369.97,10486.67,29897.39,405107.84,190236.18,214871.66,20458.48,8656.75,2301.60,280.00,2524.67,2926.36,9487.01,1200,550,1451.07,49835.93,165035.73,4047.11,160988.63,4886.81,3026.42,157405.76,2670348.06,30.51,26.19,36.80,190.67,57.20,68.00,104.87,125.84,1415.97,174127.81,3.50
aggressive,corridor_7500,35,134900.00,51120.00,32769.64,119051.00,10356.12,22917.48,10743.33,30962.98,412820.55,193720.61,219099.95,20500.21,8656.75,2317.80,280.00,2538.67,2975.95,9655.88,1200,550,1476.29,50151.55,168948.40,4091.41,164856.99,3668.67,3026.42,162540.74,2832888.79,30.95,26.58,37.60,195.33,58.60,69.00,107.43,128.92,1472.67,177154.23,3.50
aggressive,corridor_7500,36,136800.00,51840.00,33309.34,121584.00,10506.36,23465.00,11000.00,32043.59,420548.29,197215.29,223333.00,20541.94,8656.75,2350.20,280.00,2552.67,3058.71,9825.24,1200,550,1501.51,50517.01,172815.99,4152.63,168663.36,4954.06,3026.42,165131.26,2998020.06,31.39,26.98,38.40,200.00,60.00,71.00,110.00,132.00,1530.20,180180.66,3.50
sf_equivalent,ceres_8000,1,12266.67,1666.67,28431.50,946.67,1612.00,897.00,800.00,853.33,47473.83,29534.84,17939.00,18165.43,2166.45,2145.00,500.00,12666.67,839.15,1879.45,1450,0.00,421.70,40233.84,-22294.84,3124.55,-25419.39,116059.30,58169.55,-196359.39,-196359.39,4.18,9.25,0.33,13.33,3.33,15.00,10.00,15.00,60,42169.55,3
sf_equivalent,ceres_8000,2,24533.33,3333.33,29839.00,1893.33,2072.00,1794.00,1600.00,1147.87,66212.87,40953.09,25259.77,18357.09,10166.45,2145.00,500.00,4773.33,884.00,2590.25,1450,0.00,586.54,41452.67,-16192.89,3374.55,-19567.44,6664.30,16484.28,-39177.17,-235536.56,6.92,10.34,0.67,26.67,6.67,15.00,20.00,30.00,73.43,58653.83,3
sf_equivalent,ceres_8000,3,36800.00,5000.00,31246.50,2840.00,2532.00,2691.00,2400.00,1488.40,84997.90,52392.05,32605.85,18548.76,10166.45,2145.00,500.00,4880.00,928.85,3302.62,1450,0.00,751.38,42673.06,-10067.21,3624.55,-13691.76,6914.30,16484.28,-33301.49,-268838.05,9.66,11.44,1.00,40.00,10.00,15.00,30.00,45.00,90.70,75138.10,3
sf_equivalent,ceres_8000,4,49066.67,6666.67,32654.00,3786.67,2992.00,3588.00,3200.00,1874.93,103828.93,63873.31,39955.63,18740.43,10166.45,2214.00,500.00,4986.67,1132.56,4016.55,1450,0.00,916.22,44122.88,-4167.25,3977.24,-8144.49,12126.16,16484.28,-32580.53,-301418.57,12.41,12.53,1.33,53.33,13.33,18.00,40.00,60.00,111.80,91622.38,3
sf_equivalent,ceres_8000,5,61333.33,8333.33,34061.50,4733.33,3452.00,4485.00,4000.00,2307.47,122705.97,75389.66,47316.30,18932.09,10166.45,2329.00,500.00,5093.33,1442.18,4732.05,1450,0.00,1081.07,45726.17,1590.14,4398.38,-2808.25,15716.93,16484.27,-30359.14,-331777.71,15.15,13.62,1.67,66.67,16.67,23.00,50.00,75.00,136.73,108106.65,3
sf_equivalent,ceres_8000,6,73600.00,10000.00,35469.00,5680.00,3912.00,5382.00,4800.00,2786.00,141629.00,86919.52,54709.48,19123.76,10166.45,2421.00,500.00,5200.00,1698.84,5449.11,1450,700,1245.91,47955.07,6754.41,5618.63,1135.78,44367.74,16484.28,-53801.86,-385579.58,17.89,14.71,2.00,80.00,20.00,27.00,60.00,90.00,165.50,124590.93,3
sf_equivalent,ceres_8000,7,73600.00,10000.00,51092.25,7573.33,4578.00,6727.50,6000.00,3293.87,162864.95,99081.76,63783.19,19401.26,10166.45,2582.00,500.00,6640.00,2136.79,6215.83,1450,700,1417.69,51210.02,12573.16,6233.24,6339.93,22748.41,17178.30,-26981.14,-412560.72,18.72,19.43,2.67,100.00,25.00,34.00,75.00,112.50,198.10,141769.23,3
sf_equivalent,ceres_8000,8,73600.00,10000.00,53203.50,9466.67,4668.00,8073.00,7200.00,3868.33,170079.50,102388.21,67691.29,19438.76,10166.45,2720.00,500.00,6800.00,2521.78,6410.00,1450,700,1461.05,52168.04,15523.24,6813.61,8709.63,21546.13,4335.66,-9920.42,-422481.13,18.84,20.06,3.33,120.00,30.00,40.00,90.00,135.00,236.25,146104.89,3
sf_equivalent,ceres_8000,9,73600.00,10000.00,55314.75,11360.00,4758.00,9418.50,8400.00,4451.80,177303.05,105705.91,71597.13,19476.26,10166.45,2881.00,500.00,6960.00,2959.73,6604.47,1450,700,1504.41,53202.32,18394.81,7428.22,10966.60,23640.81,4335.66,-9066.85,-431547.98,18.95,20.70,4.00,140.00,35.00,47.00,105.00,157.50,275.15,150440.56,3
sf_equivalent,ceres_8000,10,73600.00,10000.00,57426.00,13253.33,4848.00,10764.00,9600.00,5044.27,184535.60,109027.67,75507.93,19513.76,10166.45,3042.00,500.00,7120.00,3397.68,6799.25,1450,700,1547.76,54236.91,21271.03,8042.82,13228.21,24092.48,4335.66,-6565.63,-438113.62,19.06,21.34,4.67,160.00,40.00,54.00,120.00,180.00,314.80,154776.22,3
sf_equivalent,ceres_8000,11,73600.00,10000.00,59537.25,15146.67,4938.00,12109.50,10800.00,5645.73,191777.15,112346.27,79430.88,19551.26,10166.45,3180.00,500.00,7280.00,3782.67,6994.34,1450,700,1591.12,55195.84,24235.04,8623.19,15611.85,22890.20,4335.66,-2333.62,-440447.24,19.17,21.98,5.33,180.00,45.00,60.00,135.00,202.50,355.20,159111.88,3
sf_equivalent,ceres_8000,12,73600.00,10000.00,61648.50,17040.00,5028.00,13455.00,12000.00,6256.20,199027.70,115676.12,83351.58,19588.76,10166.45,3341.00,500.00,7440.00,4220.62,7189.73,1450,700,1634.48,56231.04,27120.54,9237.80,17882.74,24984.87,4335.66,-1466.12,-441913.36,19.29,22.61,6.00,200.00,50.00,67.00,150.00,225.00,396.35,163447.55,3
sf_equivalent,ceres_8000,13,73600.00,10000.00,56651.87,18460.00,4815.00,14576.25,13000.00,6817.33,197920.46,113907.11,84013.35,22600.17,10406.45,3479.00,500.00,6933.33,4594.41,7066.93,1450,700,1604.45,59334.74,24678.61,9755.67,14922.93,22220.09,-3002.35,6260.46,-435652.90,19.02,21.11,6.50,216.67,54.17,73.00,162.50,243.75,438.25,160445.19,3.50
sf_equivalent,ceres_8000,14,73600.00,10000.00,58411.25,19880.00,4890.00,15697.50,14000.00,7357.17,203835.92,116560.60,87275.32,22631.42,10406.45,3594.00,500.00,7066.67,4915.23,7230.81,1450,700,1638.64,60133.22,27142.09,10239.32,16902.77,20944.36,3418.97,3633.12,-432019.78,19.11,21.64,7.00,233.33,58.33,78.00,175.00,262.50,478.37,163864.16,3.50
sf_equivalent,ceres_8000,15,73600.00,10000.00,60170.62,21300.00,4965.00,16818.75,15000.00,7904.50,209758.88,119224.66,90534.21,22662.67,10406.45,3732.00,500.00,7200.00,5289.02,7394.95,1450,700,1672.83,61007.92,29526.29,10757.19,18769.10,22965.58,3418.97,4061.83,-427957.95,19.21,22.17,7.50,250.00,62.50,84.00,187.50,281.25,519.12,167283.13,3.50
sf_equivalent,ceres_8000,16,73600.00,10000.00,61930.00,22720.00,5040.00,17940.00,16000.00,8459.33,215689.33,121884.90,93804.43,22693.92,10406.45,3847.00,500.00,7333.33,5609.85,7559.34,1450,700,1707.02,61806.91,31997.52,11240.84,20756.68,21689.85,3418.97,7863.55,-420094.40,19.30,22.70,8.00,266.67,66.67,89.00,200.00,300.00,560.50,170702.10,3.50
sf_equivalent,ceres_8000,17,73600.00,10000.00,63689.37,24140.00,5115.00,19061.25,17000.00,9021.67,221627.29,124555.71,97071.58,22725.17,10406.45,3985.00,500.00,7466.67,5983.63,7723.99,1450,700,1741.21,62682.12,34389.46,11758.72,22630.75,23711.07,3418.97,8299.99,-411794.41,19.39,23.23,8.50,283.33,70.83,95.00,212.50,318.75,602.50,174121.07,3.50
sf_equivalent,ceres_8000,18,73600.00,10000.00,65448.75,25560.00,5190.00,20182.50,18000.00,9591.50,227572.75,127222.70,100350.05,22756.42,10406.45,4100.00,500.00,7600.00,6304.46,7888.90,1450,700,1775.40,63481.62,36868.43,12242.36,24626.06,22435.33,3418.97,12109.46,-399684.95,19.49,23.76,9.00,300.00,75.00,100.00,225.00,337.50,645.12,177540.04,3.50
sf_equivalent,ceres_8000,19,73600.00,10000.00,67208.13,26980.00,5265.00,21303.75,19000.00,10168.83,233525.71,129900.26,103625.45,22787.67,10406.45,4238.00,500.00,7733.33,6678.24,8054.05,1450,700,1809.59,64357.34,39268.11,12760.24,26507.87,24456.55,3418.97,12553.64,-387131.31,19.58,24.29,9.50,316.67,79.17,106.00,237.50,356.25,688.37,180959.01,3.50
sf_equivalent,ceres_8000,20,73600.00,10000.00,68967.50,28400.00,5340.00,22425.00,20000.00,10753.67,239486.17,132581.20,106904.97,22818.92,10406.45,4376.00,500.00,7866.67,7052.02,8219.47,1450,700,1843.78,65233.31,41671.66,13278.11,28393.55,24834.77,3418.97,14644.69,-372486.62,19.68,24.83,10.00,333.33,83.33,112.00,250.00,375.00,732.25,184377.98,3.50
sf_equivalent,ceres_8000,21,73600.00,10000.00,70726.87,29820.00,5415.00,23546.25,21000.00,11346.00,245454.12,135258.31,110195.81,22850.17,10406.45,4491.00,500.00,8000.00,7372.85,8385.14,1450,700,1877.97,66033.58,44162.23,13761.76,30400.48,23559.04,3418.97,18465.76,-354020.86,19.77,25.36,10.50,350.00,87.50,117.00,262.50,393.75,776.75,187796.94,3.50
sf_equivalent,ceres_8000,22,73600.00,10000.00,72486.25,31240.00,5490.00,24667.50,22000.00,11945.83,251429.58,137946.00,113483.58,22881.42,10406.45,4629.00,500.00,8133.33,7746.64,8551.06,1450,700,1912.16,66910.06,46573.52,14279.63,32293.89,25580.26,3418.97,18921.56,-335099.30,19.86,25.89,11.00,366.67,91.67,123.00,275.00,412.50,821.87,191215.91,3.50
sf_equivalent,ceres_8000,23,73600.00,10000.00,74245.63,32660.00,5565.00,25788.75,23000.00,12553.17,257412.54,140629.86,116782.68,22912.67,10406.45,4744.00,500.00,8266.67,8067.46,8717.24,1450,700,1946.35,67710.84,49071.84,14763.28,34308.56,24304.53,3418.97,22750.37,-312348.93,19.96,26.42,11.50,383.33,95.83,128.00,287.50,431.25,867.62,194634.88,3.50
sf_equivalent,ceres_8000,24,73600.00,10000.00,76005.00,34080.00,5640.00,26910.00,24000.00,13168.00,263403.00,143324.30,120078.70,22943.92,10406.45,4882.00,500.00,8400.00,8441.25,8883.67,1450,700,1980.54,68587.83,51490.87,15281.15,36209.72,26325.75,3418.97,23213.90,-289135.03,20.05,26.95,12.00,400.00,100.00,134.00,300.00,450.00,914.00,198053.85,3.50
sf_equivalent,ceres_8000,25,73600.00,10000.00,56440.75,35026.67,4806.00,27358.50,24400.00,13757.00,245388.92,131546.27,113842.65,22596.42,10653.65,4928.00,500.00,6533.33,8569.58,8099.68,1450,700,1806.23,65836.89,48005.76,15474.61,32531.14,15400.65,-17430.57,51525.33,-237609.70,19.01,21.04,12.33,406.67,101.67,136.00,305.00,457.50,961.00,180623.28,3.50
sf_equivalent,ceres_8000,26,73600.00,10000.00,57144.50,35973.33,4836.00,27807.00,24800.00,14262.60,248423.43,133048.55,115374.89,22608.92,10653.65,4974.00,500.00,6586.67,8697.91,8175.08,1450,700,1824.57,66170.79,49204.09,15668.07,33536.02,15547.56,1833.39,33334.70,-204275.00,19.04,21.25,12.67,413.33,103.33,138.00,310.00,465.00,1001.05,182456.66,3.50
sf_equivalent,ceres_8000,27,73600.00,10000.00,57848.25,36920.00,4866.00,28255.50,25200.00,14771.20,251460.95,134552.18,116908.78,22621.42,10653.65,5020.00,500.00,6640.00,8826.24,8250.59,1450,700,1842.90,66504.80,50403.98,15861.53,34542.45,15694.47,1833.39,34409.59,-169865.41,19.08,21.47,13.00,420.00,105.00,140.00,315.00,472.50,1041.35,184290.05,3.50
sf_equivalent,ceres_8000,28,73600.00,10000.00,58552.00,37866.67,4896.00,28704.00,25600.00,15282.80,254501.47,136064.35,118437.11,22633.92,10653.65,5089.00,500.00,6693.33,9007.53,8326.19,1450,700,1861.23,66914.86,51522.26,16089.22,35433.04,17495.33,1833.39,33759.87,-136105.54,19.12,21.68,13.33,426.67,106.67,143.00,320.00,480.00,1081.90,186123.44,3.50
sf_equivalent,ceres_8000,29,73600.00,10000.00,59255.75,38813.33,4926.00,29152.50,26000.00,15797.40,257544.98,137570.68,119974.30,22646.42,10653.65,5135.00,500.00,6746.67,9135.86,8401.90,1450,700,1879.57,67249.06,52725.24,16282.67,36442.57,15999.23,1833.39,36480.85,-99624.68,19.16,21.89,13.67,433.33,108.33,145.00,325.00,487.50,1122.70,187956.83,3.50
sf_equivalent,ceres_8000,30,73600.00,10000.00,59959.50,39760.00,4956.00,29601.00,26400.00,16315.00,260591.50,139078.36,121513.14,22658.92,10653.65,5181.00,500.00,6800.00,9264.19,8477.71,1450,700,1897.90,67583.37,53929.77,16476.13,37453.64,16146.14,1833.39,37560.38,-62064.30,19.20,22.11,14.00,440.00,110.00,147.00,330.00,495.00,1163.75,189790.22,3.50
sf_equivalent,ceres_8000,31,73600.00,10000.00,60663.25,40706.67,4986.00,30049.50,26800.00,16835.60,263641.02,140587.39,123053.63,22671.42,10653.65,5227.00,500.00,6853.33,9392.52,8553.62,1450,700,1916.24,67917.78,55135.85,16669.59,38466.25,16293.05,1833.39,38641.46,-23422.85,19.23,22.32,14.33,446.67,111.67,149.00,335.00,502.50,1205.05,191623.60,3.50
sf_equivalent,ceres_8000,32,73600.00,10000.00,61367.00,41653.33,5016.00,30498.00,27200.00,17359.20,266693.53,142104.97,124588.57,22683.92,10653.65,5296.00,500.00,6906.67,9573.81,8629.64,1450,700,1934.57,68328.25,56260.32,16897.28,39363.04,18093.91,1833.39,37997.93,14575.08,19.27,22.53,14.67,453.33,113.33,152.00,340.00,510.00,1246.60,193456.99,3.50
sf_equivalent,ceres_8000,33,73600.00,10000.00,62070.75,42600.00,5046.00,30946.50,27600.00,17885.80,269749.05,143616.69,126132.36,22696.42,10653.65,5342.00,500.00,6960.00,9702.14,8705.75,1450,700,1952.90,68662.86,57469.49,17090.74,40378.75,16597.81,1833.39,40725.10,55300.19,19.31,22.74,15.00,460.00,115.00,154.00,345.00,517.50,1288.40,195290.38,3.50
sf_equivalent,ceres_8000,34,73600.00,10000.00,62774.50,43546.67,5076.00,31395.00,28000.00,18415.40,272807.57,145129.77,127677.79,22708.92,10653.65,5388.00,500.00,7013.33,9830.47,8781.97,1450,700,1971.24,68997.58,58680.21,17284.19,41396.02,16744.72,1833.39,41810.82,97111.01,19.35,22.96,15.33,466.67,116.67,156.00,350.00,525.00,1330.45,197123.77,3.50
sf_equivalent,ceres_8000,35,73600.00,10000.00,63478.25,44493.33,5106.00,31843.50,28400.00,18948.00,275869.08,146644.20,129224.88,22721.42,10653.65,5434.00,500.00,7066.67,9958.80,8858.29,1450,700,1989.57,69332.40,59892.48,17477.65,42414.83,16891.63,1833.39,42898.09,140009.10,19.38,23.17,15.67,473.33,118.33,158.00,355.00,532.50,1372.75,198957.15,3.50
sf_equivalent,ceres_8000,36,73600.00,10000.00,64182.00,45440.00,5136.00,32292.00,28800.00,19483.60,278933.60,148159.98,130773.62,22733.92,10653.65,5480.00,500.00,7120.00,10087.13,8934.71,1450,700,2007.91,69667.32,61106.30,17671.11,43435.19,17038.53,1833.39,43986.91,183996.01,19.42,23.38,16.00,480.00,120.00,160.00,360.00,540.00,1415.30,200790.54,3.50
